<?xml version="1.0" encoding="utf-8"?>
<!DOCTYPE hibernate-mapping PUBLIC "-//Hibernate/Hibernate Mapping DTD 3.0//EN"
"http://hibernate.sourceforge.net/hibernate-mapping-3.0.dtd">
<!-- 
    Mapping file autogenerated by MyEclipse - Hibernate Tools
-->
<hibernate-mapping>
    <class name="cn.jsprun.domain.Access" table="jrun_access" >
        <composite-id name="id" class="cn.jsprun.domain.AccessId">
            <key-property name="uid" type="java.lang.Integer">
                <column name="uid" />
            </key-property>
            <key-property name="fid" type="java.lang.Short">
                <column name="fid" />
            </key-property>
        </composite-id>
        <property name="allowview" type="java.lang.Byte">
            <column name="allowview" not-null="true" />
        </property>
        <property name="allowpost" type="java.lang.Byte">
            <column name="allowpost" not-null="true" />
        </property>
        <property name="allowreply" type="java.lang.Byte">
            <column name="allowreply" not-null="true" />
        </property>
        <property name="allowgetattach" type="java.lang.Byte">
            <column name="allowgetattach" not-null="true" />
        </property>
        <property name="allowpostattach" type="java.lang.Byte">
            <column name="allowpostattach" not-null="true" />
        </property>
    </class>
</hibernate-mapping>
