<?xml version="1.0" encoding="utf-8"?>
<!DOCTYPE hibernate-mapping PUBLIC "-//Hibernate/Hibernate Mapping DTD 3.0//EN"
"http://hibernate.sourceforge.net/hibernate-mapping-3.0.dtd">
<!-- 
    Mapping file autogenerated by MyEclipse - Hibernate Tools
-->
<hibernate-mapping>
    <class name="cn.jsprun.domain.Activityapplies" table="jrun_activityapplies" >
        <id name="applyid" type="java.lang.Integer">
            <column name="applyid" />
            <generator class="native" />
        </id>
        <property name="tid" type="java.lang.Integer">
            <column name="tid" not-null="true" />
        </property>
        <property name="username" type="java.lang.String">
            <column name="username" length="15" not-null="true" />
        </property>
        <property name="uid" type="java.lang.Integer">
            <column name="uid" not-null="true" />
        </property>
        <property name="message" type="java.lang.String">
            <column name="message" length="200" not-null="true" />
        </property>
        <property name="verified" type="java.lang.Byte">
            <column name="verified" not-null="true" />
        </property>
        <property name="dateline" type="java.lang.Integer">
            <column name="dateline" not-null="true" />
        </property>
        <property name="payment" type="java.lang.Integer">
            <column name="payment" not-null="true" />
        </property>
        <property name="contact" type="java.lang.String">
            <column name="contact" length="200" not-null="true" />
        </property>
    </class>
</hibernate-mapping>
