<?xml version="1.0" encoding="utf-8"?>
<!DOCTYPE hibernate-mapping PUBLIC "-//Hibernate/Hibernate Mapping DTD 3.0//EN"
"http://hibernate.sourceforge.net/hibernate-mapping-3.0.dtd">
<!-- 
    Mapping file autogenerated by MyEclipse - Hibernate Tools
-->
<hibernate-mapping>
    <class name="cn.jsprun.domain.Activities" table="jrun_activities" >
        <id name="tid" type="java.lang.Integer">
            <column name="tid" />
            <generator class="assigned" />
        </id>
        <property name="uid" type="java.lang.Integer">
            <column name="uid" not-null="true" />
        </property>
        <property name="cost" type="java.lang.Integer">
            <column name="cost" not-null="true" />
        </property>
        <property name="starttimefrom" type="java.lang.Integer">
            <column name="starttimefrom" not-null="true" />
        </property>
        <property name="starttimeto" type="java.lang.Integer">
            <column name="starttimeto" not-null="true" />
        </property>
        <property name="place" type="java.lang.String">
            <column name="place" length="40" not-null="true" />
        </property>
        <property name="class_" type="java.lang.String">
            <column name="class" length="20" not-null="true" />
        </property>
        <property name="gender" type="java.lang.Byte">
            <column name="gender" not-null="true" />
        </property>
        <property name="number" type="java.lang.Short">
            <column name="number" not-null="true" />
        </property>
        <property name="expiration" type="java.lang.Integer">
            <column name="expiration" not-null="true" />
        </property>
    </class>
</hibernate-mapping>
