<?xml version="1.0" encoding="utf-8"?>
<!DOCTYPE hibernate-mapping PUBLIC "-//Hibernate/Hibernate Mapping DTD 3.0//EN"
"http://hibernate.sourceforge.net/hibernate-mapping-3.0.dtd">
<!-- 
    Mapping file autogenerated by MyEclipse - Hibernate Tools
-->
<hibernate-mapping>
    <class name="cn.jsprun.domain.Adminnotes" table="jrun_adminnotes" >
        <id name="id" type="java.lang.Integer">
            <column name="id" />
            <generator class="native" />
        </id>
        <property name="admin" type="java.lang.String">
            <column name="admin" length="15" not-null="true" />
        </property>
        <property name="access" type="java.lang.Short">
            <column name="access" not-null="true" />
        </property>
        <property name="adminid" type="java.lang.Short">
            <column name="adminid" not-null="true" />
        </property>
        <property name="dateline" type="java.lang.Integer">
            <column name="dateline" not-null="true" />
        </property>
        <property name="expiration" type="java.lang.Integer">
            <column name="expiration" not-null="true" />
        </property>
        <property name="message" type="java.lang.String">
            <column name="message" length="65535" not-null="true" />
        </property>
    </class>
</hibernate-mapping>
