<?xml version="1.0" encoding="utf-8"?>
<!DOCTYPE hibernate-mapping PUBLIC "-//Hibernate/Hibernate Mapping DTD 3.0//EN"
"http://hibernate.sourceforge.net/hibernate-mapping-3.0.dtd">
<!-- 
    Mapping file autogenerated by MyEclipse - Hibernate Tools
-->
<hibernate-mapping>
    <class name="cn.jsprun.domain.Adminactions" table="jrun_adminactions" >
        <id name="admingid" type="java.lang.Short">
            <column name="admingid" />
            <generator class="assigned" />
        </id>
        <property name="disabledactions" type="java.lang.String">
            <column name="disabledactions" length="65535" not-null="true" />
        </property>
    </class>
</hibernate-mapping>
