<?xml version="1.0" encoding="utf-8"?>
<!DOCTYPE hibernate-mapping PUBLIC "-//Hibernate/Hibernate Mapping DTD 3.0//EN"
"http://hibernate.sourceforge.net/hibernate-mapping-3.0.dtd">
<!-- 
    Mapping file autogenerated by MyEclipse - Hibernate Tools
-->
<hibernate-mapping>
    <class name="cn.jsprun.domain.Adminsessions" table="jrun_adminsessions"  dynamic-insert="true" dynamic-update="true" select-before-update="true">
        <composite-id name="id" class="cn.jsprun.domain.AdminsessionsId">
            <key-property name="uid" type="java.lang.Integer">
                <column name="uid" />
            </key-property>
            <key-property name="ip" type="java.lang.String">
                <column name="ip" length="15" />
            </key-property>
            <key-property name="dateline" type="java.lang.Integer">
                <column name="dateline" />
            </key-property>
            <key-property name="errorcount" type="java.lang.Byte">
                <column name="errorcount" />
            </key-property>
        </composite-id>
    </class>
</hibernate-mapping>
