<?xml version="1.0" encoding="utf-8"?>
<!DOCTYPE hibernate-mapping PUBLIC "-//Hibernate/Hibernate Mapping DTD 3.0//EN"
"http://hibernate.sourceforge.net/hibernate-mapping-3.0.dtd">
<!-- 
    Mapping file autogenerated by MyEclipse - Hibernate Tools
-->
<hibernate-mapping>
    <class name="cn.jsprun.domain.Admingroups" table="jrun_admingroups" >
        <id name="admingid" type="java.lang.Short">
            <column name="admingid" />
            <generator class="assigned" />
        </id>
        <property name="alloweditpost" type="java.lang.Byte">
            <column name="alloweditpost" not-null="true" />
        </property>
        <property name="alloweditpoll" type="java.lang.Byte">
            <column name="alloweditpoll" not-null="true" />
        </property>
        <property name="allowstickthread" type="java.lang.Byte">
            <column name="allowstickthread" not-null="true" />
        </property>
        <property name="allowmodpost" type="java.lang.Byte">
            <column name="allowmodpost" not-null="true" />
        </property>
        <property name="allowdelpost" type="java.lang.Byte">
            <column name="allowdelpost" not-null="true" />
        </property>
        <property name="allowmassprune" type="java.lang.Byte">
            <column name="allowmassprune" not-null="true" />
        </property>
        <property name="allowrefund" type="java.lang.Byte">
            <column name="allowrefund" not-null="true" />
        </property>
        <property name="allowcensorword" type="java.lang.Byte">
            <column name="allowcensorword" not-null="true" />
        </property>
        <property name="allowviewip" type="java.lang.Byte">
            <column name="allowviewip" not-null="true" />
        </property>
        <property name="allowbanip" type="java.lang.Byte">
            <column name="allowbanip" not-null="true" />
        </property>
        <property name="allowedituser" type="java.lang.Byte">
            <column name="allowedituser" not-null="true" />
        </property>
        <property name="allowmoduser" type="java.lang.Byte">
            <column name="allowmoduser" not-null="true" />
        </property>
        <property name="allowbanuser" type="java.lang.Byte">
            <column name="allowbanuser" not-null="true" />
        </property>
        <property name="allowpostannounce" type="java.lang.Byte">
            <column name="allowpostannounce" not-null="true" />
        </property>
        <property name="allowviewlog" type="java.lang.Byte">
            <column name="allowviewlog" not-null="true" />
        </property>
        <property name="allowbanpost" type="java.lang.Byte">
            <column name="allowbanpost" not-null="true" />
        </property>
        <property name="disablepostctrl" type="java.lang.Byte">
            <column name="disablepostctrl" not-null="true" />
        </property>
    </class>
</hibernate-mapping>
