<?xml version="1.0" encoding="utf-8"?>
<!DOCTYPE hibernate-mapping PUBLIC "-//Hibernate/Hibernate Mapping DTD 3.0//EN"
"http://hibernate.sourceforge.net/hibernate-mapping-3.0.dtd">
<!-- 
    Mapping file autogenerated by MyEclipse - Hibernate Tools
-->
<hibernate-mapping>
    <class name="cn.jsprun.domain.Advertisements" table="jrun_advertisements" dynamic-insert="true" dynamic-update="true">
        <id name="advid" type="java.lang.Integer">
            <column name="advid" />
            <generator class="native" />
        </id>
        <property name="available" type="java.lang.Byte">
            <column name="available" not-null="false" />
        </property>
        <property name="type" type="java.lang.String">
            <column name="type" length="50" not-null="true" />
        </property>
        <property name="displayorder" type="java.lang.Short">
            <column name="displayorder" not-null="false" />
        </property>
        <property name="title" type="java.lang.String">
            <column name="title" length="50" not-null="true" />
        </property>
        <property name="targets" type="java.lang.String">
            <column name="targets" length="65535" not-null="false" />
        </property>
        <property name="parameters" type="java.lang.String">
            <column name="parameters" length="65535" not-null="false" />
        </property>
        <property name="code" type="java.lang.String">
            <column name="code" length="65535" not-null="false" />
        </property>
        <property name="starttime" type="java.lang.Integer">
            <column name="starttime" not-null="true" />
        </property>
        <property name="endtime" type="java.lang.Integer">
            <column name="endtime" not-null="true" />
        </property>
    </class>
</hibernate-mapping>
