<?xml version="1.0" encoding="utf-8"?>
<!DOCTYPE hibernate-mapping PUBLIC "-//Hibernate/Hibernate Mapping DTD 3.0//EN"
"http://hibernate.sourceforge.net/hibernate-mapping-3.0.dtd">
<!-- 
    Mapping file autogenerated by MyEclipse - Hibernate Tools
-->
<hibernate-mapping>
    <class name="cn.jsprun.domain.Announcements" table="jrun_announcements" dynamic-insert="true" >
        <id name="id" type="java.lang.Short">
            <column name="id" />
            <generator class="native" />
        </id>
        <property name="author" type="java.lang.String">
            <column name="author" length="15" not-null="true" />
        </property>
        <property name="subject" type="java.lang.String">
            <column name="subject" length="250" not-null="true" />
        </property>
        <property name="type" type="java.lang.Byte">
            <column name="type" not-null="true" />
        </property>
        <property name="displayorder" type="java.lang.Byte">
            <column name="displayorder"  not-null="false"/>
        </property>
        <property name="starttime" type="java.lang.Integer">
            <column name="starttime" not-null="true" />
        </property>
        <property name="endtime" type="java.lang.Integer">
            <column name="endtime" not-null="true" />
        </property>
        <property name="message" type="java.lang.String">
            <column name="message" length="65535" not-null="true" />
        </property>
        <property name="groups" type="java.lang.String">
            <column name="groups" length="65535" not-null="true" />
        </property>
    </class>
</hibernate-mapping>
