<?xml version="1.0" encoding="utf-8"?>
<!DOCTYPE hibernate-mapping PUBLIC "-//Hibernate/Hibernate Mapping DTD 3.0//EN"
"http://hibernate.sourceforge.net/hibernate-mapping-3.0.dtd">
<!-- 
    Mapping file autogenerated by MyEclipse - Hibernate Tools
-->
<hibernate-mapping>
    <class name="cn.jsprun.domain.Attachments" table="jrun_attachments" >
        <id name="aid" type="java.lang.Integer">
            <column name="aid" />
            <generator class="native" />
        </id>
        <property name="tid" type="java.lang.Integer">
            <column name="tid" not-null="true" />
        </property>
        <property name="pid" type="java.lang.Integer">
            <column name="pid" not-null="true" />
        </property>
        <property name="dateline" type="java.lang.Integer">
            <column name="dateline" not-null="true" />
        </property>
        <property name="readperm" type="java.lang.Short">
            <column name="readperm" not-null="true" />
        </property>
        <property name="price" type="java.lang.Short">
            <column name="price" not-null="true" />
        </property>
        <property name="filename" type="java.lang.String">
            <column name="filename" length="100" not-null="true" />
        </property>
        <property name="description" type="java.lang.String">
            <column name="description" length="100" not-null="true" />
        </property>
        <property name="filetype" type="java.lang.String">
            <column name="filetype" length="50" not-null="true" />
        </property>
        <property name="filesize" type="java.lang.Integer">
            <column name="filesize" not-null="true" />
        </property>
        <property name="attachment" type="java.lang.String">
            <column name="attachment" length="100" not-null="true" />
        </property>
        <property name="downloads" type="java.lang.Integer">
            <column name="downloads" not-null="true" />
        </property>
        <property name="isimage" type="java.lang.Byte">
            <column name="isimage" not-null="true" />
        </property>
        <property name="uid" type="java.lang.Integer">
            <column name="uid" not-null="true" />
        </property>
        <property name="thumb" type="java.lang.Byte">
            <column name="thumb" not-null="true" />
        </property>
        <property name="remote" type="java.lang.Byte">
            <column name="remote" not-null="true" />
        </property>
    </class>
</hibernate-mapping>
