<?xml version="1.0" encoding="utf-8"?>
<!DOCTYPE hibernate-mapping PUBLIC "-//Hibernate/Hibernate Mapping DTD 3.0//EN"
"http://hibernate.sourceforge.net/hibernate-mapping-3.0.dtd">
<!-- 
    Mapping file autogenerated by MyEclipse - Hibernate Tools
-->
<hibernate-mapping>
    <class name="cn.jsprun.domain.Attachtypes" table="jrun_attachtypes" >
        <id name="id" type="java.lang.Short">
            <column name="id" />
            <generator class="native" />
        </id>
        <property name="extension" type="java.lang.String">
            <column name="extension" length="12" not-null="true" />
        </property>
        <property name="maxsize" type="java.lang.Integer">
            <column name="maxsize" not-null="true" />
        </property>
    </class>
</hibernate-mapping>
