<?xml version="1.0" encoding="utf-8"?>
<!DOCTYPE hibernate-mapping PUBLIC "-//Hibernate/Hibernate Mapping DTD 3.0//EN"
"http://hibernate.sourceforge.net/hibernate-mapping-3.0.dtd">
<!-- 
    Mapping file autogenerated by MyEclipse - Hibernate Tools
-->
<hibernate-mapping>
    <class name="cn.jsprun.domain.Banned" table="jrun_banned" >
        <id name="id" type="java.lang.Short">
            <column name="id" />
            <generator class="native" />
        </id>
        <property name="ip1" type="java.lang.Short">
            <column name="ip1" not-null="true" />
        </property>
        <property name="ip2" type="java.lang.Short">
            <column name="ip2" not-null="true" />
        </property>
        <property name="ip3" type="java.lang.Short">
            <column name="ip3" not-null="true" />
        </property>
        <property name="ip4" type="java.lang.Short">
            <column name="ip4" not-null="true" />
        </property>
        <property name="admin" type="java.lang.String">
            <column name="admin" length="15" not-null="true" />
        </property>
        <property name="dateline" type="java.lang.Integer">
            <column name="dateline" not-null="true" />
        </property>
        <property name="expiration" type="java.lang.Integer">
            <column name="expiration" not-null="true" />
        </property>
    </class>
</hibernate-mapping>
