<?xml version="1.0" encoding="utf-8"?>
<!DOCTYPE hibernate-mapping PUBLIC "-//Hibernate/Hibernate Mapping DTD 3.0//EN"
"http://hibernate.sourceforge.net/hibernate-mapping-3.0.dtd">
<!-- 
    Mapping file autogenerated by MyEclipse - Hibernate Tools
-->
<hibernate-mapping>
    <class name="cn.jsprun.domain.Bbcodes" table="jrun_bbcodes" >
        <id name="id" type="java.lang.Integer">
            <column name="id" />
            <generator class="native" />
        </id>
        <property name="available" type="java.lang.Byte">
            <column name="available" not-null="true" />
        </property>
        <property name="tag" type="java.lang.String">
            <column name="tag" length="100" not-null="true" />
        </property>
        <property name="icon" type="java.lang.String">
            <column name="icon" not-null="true" />
        </property>
        <property name="replacement" type="java.lang.String">
            <column name="replacement" length="65535" not-null="true" />
        </property>
        <property name="example" type="java.lang.String">
            <column name="example" not-null="true" />
        </property>
        <property name="explanation" type="java.lang.String">
            <column name="explanation" length="65535" not-null="true" />
        </property>
        <property name="params" type="java.lang.Byte">
            <column name="params" not-null="true" />
        </property>
        <property name="prompt" type="java.lang.String">
            <column name="prompt" length="65535" not-null="true" />
        </property>
        <property name="nest" type="java.lang.Short">
            <column name="nest" not-null="true" />
        </property>
    </class>
</hibernate-mapping>
