<?xml version="1.0" encoding="utf-8"?>
<!DOCTYPE hibernate-mapping PUBLIC "-//Hibernate/Hibernate Mapping DTD 3.0//EN"
"http://hibernate.sourceforge.net/hibernate-mapping-3.0.dtd">
<!-- 
    Mapping file autogenerated by MyEclipse - Hibernate Tools
-->
<hibernate-mapping>
    <class name="cn.jsprun.domain.Buddys" table="jrun_buddys" >
        <composite-id name="id" class="cn.jsprun.domain.BuddysId">
            <key-property name="uid" type="java.lang.Integer">
                <column name="uid" />
            </key-property>
            <key-property name="buddyid" type="java.lang.Integer">
                <column name="buddyid" />
            </key-property>
            <key-property name="dateline" type="java.lang.Integer">
                <column name="dateline" />
            </key-property>
            <key-property name="description" type="java.lang.String">
                <column name="description" />
            </key-property>
        </composite-id>
    </class>
</hibernate-mapping>
