<?xml version="1.0" encoding="utf-8"?>
<!DOCTYPE hibernate-mapping PUBLIC "-//Hibernate/Hibernate Mapping DTD 3.0//EN"
"http://hibernate.sourceforge.net/hibernate-mapping-3.0.dtd">
<!-- 
    Mapping file autogenerated by MyEclipse - Hibernate Tools
-->
<hibernate-mapping>
    <class name="cn.jsprun.domain.Caches" table="jrun_caches" >
        <id name="cachename" type="java.lang.String">
            <column name="cachename" length="32" />
            <generator class="assigned" />
        </id>
        <property name="type" type="java.lang.Short">
            <column name="type" not-null="true" />
        </property>
        <property name="dateline" type="java.lang.Integer">
            <column name="dateline" not-null="true" />
        </property>
        <property name="expiration" type="java.lang.Integer">
            <column name="expiration" not-null="true" />
        </property>
        <property name="data" type="java.lang.String">
            <column name="data" length="16777215" not-null="true" />
        </property>
    </class>
</hibernate-mapping>
