<?xml version="1.0" encoding="utf-8"?>
<!DOCTYPE hibernate-mapping PUBLIC "-//Hibernate/Hibernate Mapping DTD 3.0//EN"
"http://hibernate.sourceforge.net/hibernate-mapping-3.0.dtd">
<!-- 
    Mapping file autogenerated by MyEclipse - Hibernate Tools
-->
<hibernate-mapping>
    <class name="cn.jsprun.domain.Creditslog" table="jrun_creditslog" >
        <composite-id name="id" class="cn.jsprun.domain.CreditslogId">
            <key-property name="uid" type="java.lang.Integer">
                <column name="uid" />
            </key-property>
            <key-property name="fromto" type="java.lang.String">
                <column name="fromto" length="15" />
            </key-property>
            <key-property name="sendcredits" type="java.lang.Byte">
                <column name="sendcredits" />
            </key-property>
            <key-property name="receivecredits" type="java.lang.Byte">
                <column name="receivecredits" />
            </key-property>
            <key-property name="send" type="java.lang.Integer">
                <column name="send" />
            </key-property>
            <key-property name="receive" type="java.lang.Integer">
                <column name="receive" />
            </key-property>
            <key-property name="dateline" type="java.lang.Integer">
                <column name="dateline" />
            </key-property>
            <key-property name="operation" type="java.lang.String">
                <column name="operation" length="3" />
            </key-property>
        </composite-id>
    </class>
</hibernate-mapping>
