<?xml version="1.0" encoding="utf-8"?>
<!DOCTYPE hibernate-mapping PUBLIC "-//Hibernate/Hibernate Mapping DTD 3.0//EN"
"http://hibernate.sourceforge.net/hibernate-mapping-3.0.dtd">
<!-- 
    Mapping file autogenerated by MyEclipse - Hibernate Tools
-->
<hibernate-mapping>
    <class name="cn.jsprun.domain.Crons" table="jrun_crons" >
        <id name="cronid" type="java.lang.Short">
            <column name="cronid" />
            <generator class="native" />
        </id>
        <property name="available" type="java.lang.Byte">
            <column name="available" not-null="true" />
        </property>
        <property name="type" type="java.lang.String">
            <column name="type" length="6" not-null="true" />
        </property>
        <property name="name" type="java.lang.String">
            <column name="name" length="50" not-null="true" />
        </property>
        <property name="filename" type="java.lang.String">
            <column name="filename" length="50" not-null="true" />
        </property>
        <property name="lastrun" type="java.lang.Integer">
            <column name="lastrun" not-null="true" />
        </property>
        <property name="nextrun" type="java.lang.Integer">
            <column name="nextrun" not-null="true" />
        </property>
        <property name="weekday" type="java.lang.Byte">
            <column name="weekday" not-null="true" />
        </property>
        <property name="day" type="java.lang.Short">
            <column name="day" not-null="true" />
        </property>
        <property name="hour" type="java.lang.Short">
            <column name="hour" not-null="true" />
        </property>
        <property name="minute" type="java.lang.String">
            <column name="minute" length="36" not-null="true" />
        </property>
    </class>
</hibernate-mapping>
