<?xml version="1.0" encoding="utf-8"?>
<!DOCTYPE hibernate-mapping PUBLIC "-//Hibernate/Hibernate Mapping DTD 3.0//EN"
"http://hibernate.sourceforge.net/hibernate-mapping-3.0.dtd">
<!-- 
    Mapping file autogenerated by MyEclipse - Hibernate Tools
-->
<hibernate-mapping>
    <class name="cn.jsprun.domain.Debateposts" table="jrun_debateposts" >
        <id name="pid" type="java.lang.Integer">
            <column name="pid" />
            <generator class="assigned" />
        </id>
        <property name="stand" type="java.lang.Byte">
            <column name="stand" not-null="true" />
        </property>
        <property name="tid" type="java.lang.Integer">
            <column name="tid" not-null="true" />
        </property>
        <property name="uid" type="java.lang.Integer">
            <column name="uid" not-null="true" />
        </property>
        <property name="dateline" type="java.lang.Integer">
            <column name="dateline" not-null="true" />
        </property>
        <property name="voters" type="java.lang.Integer">
            <column name="voters" not-null="true" />
        </property>
        <property name="voterids" type="java.lang.String">
            <column name="voterids" length="65535" not-null="true" />
        </property>
    </class>
</hibernate-mapping>
