<?xml version="1.0" encoding="utf-8"?>
<!DOCTYPE hibernate-mapping PUBLIC "-//Hibernate/Hibernate Mapping DTD 3.0//EN"
"http://hibernate.sourceforge.net/hibernate-mapping-3.0.dtd">
<!-- 
    Mapping file autogenerated by MyEclipse - Hibernate Tools
-->
<hibernate-mapping>
    <class name="cn.jsprun.domain.Debates" table="jrun_debates" >
        <id name="tid" type="java.lang.Integer">
            <column name="tid" />
            <generator class="assigned" />
        </id>
        <property name="uid" type="java.lang.Integer">
            <column name="uid" not-null="true" />
        </property>
        <property name="starttime" type="java.lang.Integer">
            <column name="starttime" not-null="true" />
        </property>
        <property name="endtime" type="java.lang.Integer">
            <column name="endtime" not-null="true" />
        </property>
        <property name="affirmdebaters" type="java.lang.Integer">
            <column name="affirmdebaters" not-null="true" />
        </property>
        <property name="negadebaters" type="java.lang.Integer">
            <column name="negadebaters" not-null="true" />
        </property>
        <property name="affirmvotes" type="java.lang.Integer">
            <column name="affirmvotes" not-null="true" />
        </property>
        <property name="negavotes" type="java.lang.Integer">
            <column name="negavotes" not-null="true" />
        </property>
        <property name="umpire" type="java.lang.String">
            <column name="umpire" length="15" not-null="true" />
        </property>
        <property name="winner" type="java.lang.Byte">
            <column name="winner" not-null="true" />
        </property>
        <property name="bestdebater" type="java.lang.String">
            <column name="bestdebater" length="50" not-null="true" />
        </property>
        <property name="affirmpoint" type="java.lang.String">
            <column name="affirmpoint" length="65535" not-null="true" />
        </property>
        <property name="negapoint" type="java.lang.String">
            <column name="negapoint" length="65535" not-null="true" />
        </property>
        <property name="umpirepoint" type="java.lang.String">
            <column name="umpirepoint" length="65535" not-null="true" />
        </property>
        <property name="affirmvoterids" type="java.lang.String">
            <column name="affirmvoterids" length="65535" not-null="true" />
        </property>
        <property name="negavoterids" type="java.lang.String">
            <column name="negavoterids" length="65535" not-null="true" />
        </property>
        <property name="affirmreplies" type="java.lang.Integer">
            <column name="affirmreplies" not-null="true" />
        </property>
        <property name="negareplies" type="java.lang.Integer">
            <column name="negareplies" not-null="true" />
        </property>
    </class>
</hibernate-mapping>
