<?xml version="1.0" encoding="utf-8"?>
<!DOCTYPE hibernate-mapping PUBLIC "-//Hibernate/Hibernate Mapping DTD 3.0//EN"
"http://hibernate.sourceforge.net/hibernate-mapping-3.0.dtd">
<!-- 
    Mapping file autogenerated by MyEclipse - Hibernate Tools
-->
<hibernate-mapping>
    <class name="cn.jsprun.domain.Failedlogins" table="jrun_failedlogins" >
        <id name="ip" type="java.lang.String">
            <column name="ip" length="15" />
            <generator class="assigned" />
        </id>
        <property name="count" type="java.lang.Byte">
            <column name="count" not-null="true" />
        </property>
        <property name="lastupdate" type="java.lang.Integer">
            <column name="lastupdate" not-null="true" />
        </property>
    </class>
</hibernate-mapping>
