<?xml version="1.0" encoding="utf-8"?>
<!DOCTYPE hibernate-mapping PUBLIC "-//Hibernate/Hibernate Mapping DTD 3.0//EN"
"http://hibernate.sourceforge.net/hibernate-mapping-3.0.dtd">
<!-- 
    Mapping file autogenerated by MyEclipse - Hibernate Tools
-->
<hibernate-mapping>
    <class name="cn.jsprun.domain.Faqs" table="jrun_faqs" >
        <id name="id" type="java.lang.Short">
            <column name="id" />
            <generator class="native" />
        </id>
        <property name="fpid" type="java.lang.Short">
            <column name="fpid" not-null="true" />
        </property>
        <property name="displayorder" type="java.lang.Short">
            <column name="displayorder" not-null="false" />
        </property>
        <property name="identifier" type="java.lang.String">
            <column name="identifier" length="20" not-null="false" />
        </property>
        <property name="keyword" type="java.lang.String">
            <column name="keyword" length="50" not-null="false" />
        </property>
        <property name="title" type="java.lang.String">
            <column name="title" length="50" not-null="true" />
        </property>
        <property name="message" type="java.lang.String">
            <column name="message" length="65535" not-null="false" />
        </property>
    </class>
</hibernate-mapping>
