<?xml version="1.0" encoding="utf-8"?>
<!DOCTYPE hibernate-mapping PUBLIC "-//Hibernate/Hibernate Mapping DTD 3.0//EN"
"http://hibernate.sourceforge.net/hibernate-mapping-3.0.dtd">
<!-- 
    Mapping file autogenerated by MyEclipse - Hibernate Tools
-->
<hibernate-mapping>
    <class name="cn.jsprun.domain.Favorites" table="jrun_favorites" >
        <composite-id name="id" class="cn.jsprun.domain.FavoritesId">
            <key-property name="uid" type="java.lang.Integer">
                <column name="uid" />
            </key-property>
            <key-property name="tid" type="java.lang.Integer">
                <column name="tid" />
            </key-property>
            <key-property name="fid" type="java.lang.Short">
                <column name="fid" />
            </key-property>
        </composite-id>
    </class>
</hibernate-mapping>
