<?xml version="1.0" encoding="utf-8"?>
<!DOCTYPE hibernate-mapping PUBLIC "-//Hibernate/Hibernate Mapping DTD 3.0//EN"
"http://hibernate.sourceforge.net/hibernate-mapping-3.0.dtd">
<!-- 
    Mapping file autogenerated by MyEclipse - Hibernate Tools
-->
<hibernate-mapping>
    <class name="cn.jsprun.domain.Forumfields" table="jrun_forumfields"  dynamic-insert="true" dynamic-update="true" select-before-update="true">
        <id name="fid" type="java.lang.Short">
            <column name="fid" />
            <generator class="assigned" />
        </id>
        <property name="description" type="java.lang.String">
            <column name="description" length="65535" not-null="false" />
        </property>
        <property name="password" type="java.lang.String">
            <column name="password" length="12" not-null="false" />
        </property>
        <property name="icon" type="java.lang.String">
            <column name="icon" not-null="false" />
        </property>
        <property name="postcredits" type="java.lang.String">
            <column name="postcredits" not-null="false" />
        </property>
        <property name="replycredits" type="java.lang.String">
            <column name="replycredits" not-null="false" />
        </property>
        <property name="getattachcredits" type="java.lang.String">
            <column name="getattachcredits" not-null="false" />
        </property>
        <property name="postattachcredits" type="java.lang.String">
            <column name="postattachcredits" not-null="false" />
        </property>
        <property name="digestcredits" type="java.lang.String">
            <column name="digestcredits" not-null="false" />
        </property>
        <property name="redirect" type="java.lang.String">
            <column name="redirect" not-null="false" />
        </property>
        <property name="attachextensions" type="java.lang.String">
            <column name="attachextensions" not-null="false" />
        </property>
        <property name="formulaperm" type="java.lang.String">
            <column name="formulaperm" length="65535" not-null="false" />
        </property>
        <property name="moderators" type="java.lang.String">
            <column name="moderators" length="65535" not-null="false" />
        </property>
        <property name="rules" type="java.lang.String">
            <column name="rules" length="65535" not-null="false" />
        </property>
        <property name="threadtypes" type="java.lang.String">
            <column name="threadtypes" length="65535" not-null="false" />
        </property>
        <property name="viewperm" type="java.lang.String">
            <column name="viewperm" length="65535" not-null="false" />
        </property>
        <property name="postperm" type="java.lang.String">
            <column name="postperm" length="65535" not-null="false" />
        </property>
        <property name="replyperm" type="java.lang.String">
            <column name="replyperm" length="65535" not-null="false" />
        </property>
        <property name="getattachperm" type="java.lang.String">
            <column name="getattachperm" length="65535" not-null="false" />
        </property>
        <property name="postattachperm" type="java.lang.String">
            <column name="postattachperm" length="65535" not-null="false" />
        </property>
        <property name="keywords" type="java.lang.String">
            <column name="keywords" length="65535" not-null="false" />
        </property>
        <property name="modrecommend" type="java.lang.String">
            <column name="modrecommend" length="65535" not-null="false" />
        </property>
        <property name="tradetypes" type="java.lang.String">
            <column name="tradetypes" length="65535" not-null="false" />
        </property>
        <property name="typemodels" type="java.lang.String">
            <column name="typemodels" length="16777215" not-null="false" />
        </property>
    </class>
</hibernate-mapping>
