<?xml version="1.0" encoding="utf-8"?>
<!DOCTYPE hibernate-mapping PUBLIC "-//Hibernate/Hibernate Mapping DTD 3.0//EN"
"http://hibernate.sourceforge.net/hibernate-mapping-3.0.dtd">
<!-- 
    Mapping file autogenerated by MyEclipse - Hibernate Tools
-->
<hibernate-mapping>
    <class name="cn.jsprun.domain.Forumrecommend" table="jrun_forumrecommend" >
        <id name="tid" type="java.lang.Integer">
            <column name="tid" />
            <generator class="assigned" />
        </id>
        <property name="fid" type="java.lang.Short">
            <column name="fid" not-null="true" />
        </property>
        <property name="displayorder" type="java.lang.Byte">
            <column name="displayorder" not-null="true" />
        </property>
        <property name="subject" type="java.lang.String">
            <column name="subject" length="80" not-null="true" />
        </property>
        <property name="author" type="java.lang.String">
            <column name="author" length="15" not-null="true" />
        </property>
        <property name="authorid" type="java.lang.Integer">
            <column name="authorid" not-null="true" />
        </property>
        <property name="moderatorid" type="java.lang.Integer">
            <column name="moderatorid" not-null="true" />
        </property>
        <property name="expiration" type="java.lang.Integer">
            <column name="expiration" not-null="true" />
        </property>
    </class>
</hibernate-mapping>
