<?xml version="1.0" encoding="utf-8"?>
<!DOCTYPE hibernate-mapping PUBLIC "-//Hibernate/Hibernate Mapping DTD 3.0//EN"
"http://hibernate.sourceforge.net/hibernate-mapping-3.0.dtd">
<!-- 
    Mapping file autogenerated by MyEclipse - Hibernate Tools
-->
<hibernate-mapping>
    <class name="cn.jsprun.domain.Forums" table="jrun_forums" dynamic-insert="true" dynamic-update="true" select-before-update="true">
        <id name="fid" type="java.lang.Short">
            <column name="fid" />
            <generator class="native" />
        </id>
        <property name="fup" type="java.lang.Short" >
            <column name="fup" not-null="false" />
        </property>
        <property name="type" type="java.lang.String">
            <column name="type" length="6" not-null="false"/>
        </property>
        <property name="name" type="java.lang.String">
            <column name="name" length="50" not-null="false" />
        </property>
        <property name="status" type="java.lang.Byte">
            <column name="status" not-null="false" />
        </property>
        <property name="displayorder" type="java.lang.Short">
            <column name="displayorder" not-null="false" />
        </property>
        <property name="styleid" type="java.lang.Short">
            <column name="styleid" not-null="false" />
        </property>
        <property name="threads" type="java.lang.Integer">
            <column name="threads" not-null="false" />
        </property>
        <property name="posts" type="java.lang.Integer">
            <column name="posts" not-null="false" />
        </property>
        <property name="todayposts" type="java.lang.Integer">
            <column name="todayposts" not-null="false" />
        </property>
        <property name="lastpost" type="java.lang.String">
            <column name="lastpost" length="110" not-null="false" />
        </property>
        <property name="allowsmilies" type="java.lang.Byte">
            <column name="allowsmilies" not-null="false" />
        </property>
        <property name="allowhtml" type="java.lang.Byte">
            <column name="allowhtml" not-null="false" />
        </property>
        <property name="allowbbcode" type="java.lang.Byte">
            <column name="allowbbcode" not-null="false" />
        </property>
        <property name="allowimgcode" type="java.lang.Byte">
            <column name="allowimgcode" not-null="false" />
        </property>
        <property name="allowmediacode" type="java.lang.Byte">
            <column name="allowmediacode" not-null="false" />
        </property>
        <property name="allowanonymous" type="java.lang.Byte">
            <column name="allowanonymous" not-null="false" />
        </property>
        <property name="allowshare" type="java.lang.Byte">
            <column name="allowshare" not-null="false" />
        </property>
        <property name="allowpostspecial" type="java.lang.Short">
            <column name="allowpostspecial" not-null="false" />
        </property>
        <property name="allowspecialonly" type="java.lang.Byte">
            <column name="allowspecialonly" not-null="false" />
        </property>
        <property name="alloweditrules" type="java.lang.Byte">
            <column name="alloweditrules" not-null="false" />
        </property>
        <property name="recyclebin" type="java.lang.Byte">
            <column name="recyclebin" not-null="false" />
        </property>
        <property name="modnewposts" type="java.lang.Byte">
            <column name="modnewposts" not-null="false" />
        </property>
        <property name="jammer" type="java.lang.Byte">
            <column name="jammer" not-null="false" />
        </property>
        <property name="disablewatermark" type="java.lang.Byte">
            <column name="disablewatermark" not-null="false" />
        </property>
        <property name="inheritedmod" type="java.lang.Byte">
            <column name="inheritedmod" not-null="false" />
        </property>
        <property name="autoclose" type="java.lang.Short">
            <column name="autoclose" not-null="false" />
        </property>
        <property name="forumcolumns" type="java.lang.Short">
            <column name="forumcolumns" not-null="false" />
        </property>
        <property name="threadcaches" type="java.lang.Byte">
            <column name="threadcaches" not-null="false" />
        </property>
        <property name="allowpaytoauthor" type="java.lang.Byte">
            <column name="allowpaytoauthor" not-null="false" />
        </property>
        <property name="alloweditpost" type="java.lang.Byte">
            <column name="alloweditpost" not-null="false" />
        </property>
        <property name="simple" type="java.lang.Short">
            <column name="simple" not-null="false" />
        </property>
    </class>
</hibernate-mapping>
