<?xml version="1.0" encoding="utf-8"?>
<!DOCTYPE hibernate-mapping PUBLIC "-//Hibernate/Hibernate Mapping DTD 3.0//EN"
"http://hibernate.sourceforge.net/hibernate-mapping-3.0.dtd">
<!-- 
    Mapping file autogenerated by MyEclipse - Hibernate Tools
-->
<hibernate-mapping>
    <class name="cn.jsprun.domain.Forumlinks" table="jrun_forumlinks" >
        <id name="id" type="java.lang.Short">
            <column name="id" />
            <generator class="native" />
        </id>
        <property name="displayorder" type="java.lang.Short">
            <column name="displayorder" not-null="true" />
        </property>
        <property name="name" type="java.lang.String">
            <column name="name" length="100" not-null="true" />
        </property>
        <property name="url" type="java.lang.String">
            <column name="url" length="100" not-null="true" />
        </property>
        <property name="description" type="java.lang.String">
            <column name="description" length="16777215" not-null="true" />
        </property>
        <property name="logo" type="java.lang.String">
            <column name="logo" length="100" not-null="true" />
        </property>
    </class>
</hibernate-mapping>
