<?xml version="1.0" encoding="utf-8"?>
<!DOCTYPE hibernate-mapping PUBLIC "-//Hibernate/Hibernate Mapping DTD 3.0//EN"
"http://hibernate.sourceforge.net/hibernate-mapping-3.0.dtd">
<!-- 
    Mapping file autogenerated by MyEclipse - Hibernate Tools
-->
<hibernate-mapping>
    <class name="cn.jsprun.domain.Imagetypes" table="jrun_imagetypes" >
        <id name="typeid" type="java.lang.Short">
            <column name="typeid" />
            <generator class="native" />
        </id>
        <property name="name" type="java.lang.String">
            <column name="name" length="20" not-null="true" />
        </property>
        <property name="type" type="java.lang.String">
            <column name="type" length="7" not-null="true" />
        </property>
        <property name="displayorder" type="java.lang.Short">
            <column name="displayorder" not-null="true" />
        </property>
        <property name="directory" type="java.lang.String">
            <column name="directory" length="100" not-null="true" />
        </property>
    </class>
</hibernate-mapping>
