<?xml version="1.0" encoding="utf-8"?>
<!DOCTYPE hibernate-mapping PUBLIC "-//Hibernate/Hibernate Mapping DTD 3.0//EN"
"http://hibernate.sourceforge.net/hibernate-mapping-3.0.dtd">
<!-- 
    Mapping file autogenerated by MyEclipse - Hibernate Tools
-->
<hibernate-mapping>
    <class name="cn.jsprun.domain.Invites" table="jrun_invites" >
        <composite-id name="id" class="cn.jsprun.domain.InvitesId">
            <key-property name="uid" type="java.lang.Integer">
                <column name="uid" />
            </key-property>
            <key-property name="dateline" type="java.lang.Integer">
                <column name="dateline" />
            </key-property>
            <key-property name="expiration" type="java.lang.Integer">
                <column name="expiration" />
            </key-property>
            <key-property name="inviteip" type="java.lang.String">
                <column name="inviteip" length="15" />
            </key-property>
            <key-property name="invitecode" type="java.lang.String">
                <column name="invitecode" length="16" />
            </key-property>
            <key-property name="reguid" type="java.lang.Integer">
                <column name="reguid" />
            </key-property>
            <key-property name="regdateline" type="java.lang.Integer">
                <column name="regdateline" />
            </key-property>
            <key-property name="status" type="java.lang.Byte">
                <column name="status" />
            </key-property>
        </composite-id>
    </class>
</hibernate-mapping>
