<?xml version="1.0" encoding="utf-8"?>
<!DOCTYPE hibernate-mapping PUBLIC "-//Hibernate/Hibernate Mapping DTD 3.0//EN"
"http://hibernate.sourceforge.net/hibernate-mapping-3.0.dtd">
<!-- 
    Mapping file autogenerated by MyEclipse - Hibernate Tools
-->
<hibernate-mapping>
    <class name="cn.jsprun.domain.Itempool" table="jrun_itempool" >
        <id name="id" type="java.lang.Short">
            <column name="id" />
            <generator class="native" />
        </id>
        <property name="type" type="java.lang.Byte">
            <column name="type" not-null="true" />
        </property>
        <property name="question" type="java.lang.String">
            <column name="question" length="65535" not-null="true" />
        </property>
        <property name="answer" type="java.lang.String">
            <column name="answer" length="50" not-null="true" />
        </property>
    </class>
</hibernate-mapping>
