<?xml version="1.0" encoding="utf-8"?>
<!DOCTYPE hibernate-mapping PUBLIC "-//Hibernate/Hibernate Mapping DTD 3.0//EN"
"http://hibernate.sourceforge.net/hibernate-mapping-3.0.dtd">
<!-- 
    Mapping file autogenerated by MyEclipse - Hibernate Tools
-->
<hibernate-mapping>
    <class name="cn.jsprun.domain.Magics" table="jrun_magics" dynamic-insert="true" dynamic-update="true">
        <id name="magicid" type="java.lang.Short">
            <column name="magicid" />
            <generator class="native" />
        </id>
        <property name="available" type="java.lang.Byte">
            <column name="available" not-null="false" />
        </property>
        <property name="type" type="java.lang.Short" >
            <column name="type" not-null="false" />
        </property>
        <property name="name" type="java.lang.String">
            <column name="name" length="50" not-null="false" />
        </property>
        <property name="identifier" type="java.lang.String">
            <column name="identifier" length="40" not-null="false" unique="true" />
        </property>
        <property name="description" type="java.lang.String">
            <column name="description" not-null="false" />
        </property>
        <property name="displayorder" type="java.lang.Byte">
            <column name="displayorder" not-null="false" />
        </property>
        <property name="price" type="java.lang.Integer">
            <column name="price" not-null="false" />
        </property>
        <property name="num" type="java.lang.Integer">
            <column name="num" not-null="false" />
        </property>
        <property name="salevolume" type="java.lang.Short">
            <column name="salevolume" not-null="false" />
        </property>
        <property name="supplytype" type="java.lang.Byte">
            <column name="supplytype" not-null="false" />
        </property>
        <property name="supplynum" type="java.lang.Integer">
            <column name="supplynum" not-null="false" />
        </property>
        <property name="weight" type="java.lang.Short">
            <column name="weight" not-null="false" />
        </property>
        <property name="filename" type="java.lang.String">
            <column name="filename" length="50" not-null="false" />
        </property>
        <property name="magicperm" type="java.lang.String">
            <column name="magicperm" length="65535" not-null="false" />
        </property>
    </class>
</hibernate-mapping>
