<?xml version="1.0" encoding="utf-8"?>
<!DOCTYPE hibernate-mapping PUBLIC "-//Hibernate/Hibernate Mapping DTD 3.0//EN"
"http://hibernate.sourceforge.net/hibernate-mapping-3.0.dtd">
<!-- 
    Mapping file autogenerated by MyEclipse - Hibernate Tools
-->
<hibernate-mapping>
    <class name="cn.jsprun.domain.Magiclog" table="jrun_magiclog" >
        <composite-id name="id" class="cn.jsprun.domain.MagiclogId">
            <key-property name="uid" type="java.lang.Integer">
                <column name="uid" />
            </key-property>
            <key-property name="magicid" type="java.lang.Short">
                <column name="magicid" />
            </key-property>
            <key-property name="action" type="java.lang.Byte">
                <column name="action" />
            </key-property>
            <key-property name="dateline" type="java.lang.Integer">
                <column name="dateline" />
            </key-property>
            <key-property name="amount" type="java.lang.Short">
                <column name="amount" />
            </key-property>
            <key-property name="price" type="java.lang.Integer">
                <column name="price" />
            </key-property>
            <key-property name="targettid" type="java.lang.Integer">
                <column name="targettid" />
            </key-property>
            <key-property name="targetpid" type="java.lang.Integer">
                <column name="targetpid" />
            </key-property>
            <key-property name="targetuid" type="java.lang.Integer">
                <column name="targetuid" />
            </key-property>
        </composite-id>
    </class>
</hibernate-mapping>
