<?xml version="1.0" encoding="utf-8"?>
<!DOCTYPE hibernate-mapping PUBLIC "-//Hibernate/Hibernate Mapping DTD 3.0//EN"
"http://hibernate.sourceforge.net/hibernate-mapping-3.0.dtd">
<!-- 
    Mapping file autogenerated by MyEclipse - Hibernate Tools
-->
<hibernate-mapping>
    <class name="cn.jsprun.domain.Magicmarket" table="jrun_magicmarket" >
        <id name="mid" type="java.lang.Short">
            <column name="mid" />
            <generator class="native" />
        </id>
        <property name="magicid" type="java.lang.Short">
            <column name="magicid" not-null="true" />
        </property>
        <property name="uid" type="java.lang.Integer">
            <column name="uid" not-null="true" />
        </property>
        <property name="username" type="java.lang.String">
            <column name="username" length="15" not-null="true" />
        </property>
        <property name="price" type="java.lang.Integer">
            <column name="price" not-null="true" />
        </property>
        <property name="num" type="java.lang.Short">
            <column name="num" not-null="true" />
        </property>
    </class>
</hibernate-mapping>
