<?xml version="1.0" encoding="utf-8"?>
<!DOCTYPE hibernate-mapping PUBLIC "-//Hibernate/Hibernate Mapping DTD 3.0//EN"
"http://hibernate.sourceforge.net/hibernate-mapping-3.0.dtd">
<!-- 
    Mapping file autogenerated by MyEclipse - Hibernate Tools
-->
<hibernate-mapping>
    <class name="cn.jsprun.domain.Medals" table="jrun_medals" >
        <id name="medalid" type="java.lang.Short">
            <column name="medalid" />
            <generator class="native" />
        </id>
        <property name="name" type="java.lang.String">
            <column name="name" length="50" not-null="true" />
        </property>
        <property name="available" type="java.lang.Byte">
            <column name="available" not-null="true" />
        </property>
        <property name="image" type="java.lang.String">
            <column name="image" length="30" not-null="true" />
        </property>
    </class>
</hibernate-mapping>
