<?xml version="1.0" encoding="utf-8"?>
<!DOCTYPE hibernate-mapping PUBLIC "-//Hibernate/Hibernate Mapping DTD 3.0//EN"
"http://hibernate.sourceforge.net/hibernate-mapping-3.0.dtd">
<!-- 
    Mapping file autogenerated by MyEclipse - Hibernate Tools
-->
<hibernate-mapping>
    <class name="cn.jsprun.domain.Memberfields" table="jrun_memberfields" dynamic-insert="true" dynamic-update="true" select-before-update="true">
        <id name="uid" type="java.lang.Integer">
            <column name="uid" />
            <generator class="assigned" />
        </id>
        <property name="nickname" type="java.lang.String">
            <column name="nickname" length="30" not-null="false" />
        </property>
        <property name="site" type="java.lang.String">
            <column name="site" length="75" not-null="false" />
        </property>
        <property name="alipay" type="java.lang.String">
            <column name="alipay" length="50" not-null="false" />
        </property>
        <property name="icq" type="java.lang.String">
            <column name="icq" length="12" not-null="false" />
        </property>
        <property name="qq" type="java.lang.String">
            <column name="qq" length="12" not-null="false" />
        </property>
        <property name="yahoo" type="java.lang.String">
            <column name="yahoo" length="40" not-null="false" />
        </property>
        <property name="msn" type="java.lang.String">
            <column name="msn" length="40" not-null="false" />
        </property>
        <property name="taobao" type="java.lang.String">
            <column name="taobao" length="40" not-null="false" />
        </property>
        <property name="location" type="java.lang.String">
            <column name="location" length="30" not-null="false" />
        </property>
        <property name="customstatus" type="java.lang.String">
            <column name="customstatus" length="30" not-null="false" />
        </property>
        <property name="medals" type="java.lang.String">
            <column name="medals" not-null="false" />
        </property>
        <property name="avatar" type="java.lang.String">
            <column name="avatar" not-null="false" />
        </property>
        <property name="avatarwidth" type="java.lang.Short">
            <column name="avatarwidth" not-null="false" />
        </property>
        <property name="avatarheight" type="java.lang.Short">
            <column name="avatarheight" not-null="false" />
        </property>
        <property name="bio" type="java.lang.String">
            <column name="bio" length="65535" not-null="false" />
        </property>
        <property name="sightml" type="java.lang.String">
            <column name="sightml" length="65535" not-null="false" />
        </property>
        <property name="ignorepm" type="java.lang.String">
            <column name="ignorepm" length="65535" not-null="false" />
        </property>
        <property name="groupterms" type="java.lang.String">
            <column name="groupterms" length="65535" not-null="false" />
        </property>
        <property name="authstr" type="java.lang.String">
            <column name="authstr" length="20" not-null="false" />
        </property>
        <property name="spacename" type="java.lang.String">
            <column name="spacename" length="40" not-null="false" />
        </property>
        <property name="buyercredit" type="java.lang.Short">
            <column name="buyercredit" not-null="false" />
        </property>
        <property name="sellercredit" type="java.lang.Short">
            <column name="sellercredit" not-null="false" />
        </property>
    </class>
</hibernate-mapping>
