<?xml version="1.0" encoding="utf-8"?>
<!DOCTYPE hibernate-mapping PUBLIC "-//Hibernate/Hibernate Mapping DTD 3.0//EN"
"http://hibernate.sourceforge.net/hibernate-mapping-3.0.dtd">
<!-- 
    Mapping file autogenerated by MyEclipse - Hibernate Tools
-->
<hibernate-mapping>
    <class name="cn.jsprun.domain.Membermagics" table="jrun_membermagics" >
        <composite-id name="id" class="cn.jsprun.domain.MembermagicsId">
            <key-property name="uid" type="java.lang.Integer">
                <column name="uid" />
            </key-property>
            <key-property name="magicid" type="java.lang.Short">
                <column name="magicid" />
            </key-property>
        </composite-id>
        <property name="num" type="java.lang.Short">
        	<column name="num"></column>
        </property>
    </class>
</hibernate-mapping>
