<?xml version="1.0" encoding="utf-8"?>
<!DOCTYPE hibernate-mapping PUBLIC "-//Hibernate/Hibernate Mapping DTD 3.0//EN"
"http://hibernate.sourceforge.net/hibernate-mapping-3.0.dtd">
<!-- 
    Mapping file autogenerated by MyEclipse - Hibernate Tools
-->
<hibernate-mapping>
    <class name="cn.jsprun.domain.Memberspaces" table="jrun_memberspaces" >
        <id name="uid" type="java.lang.Integer">
            <column name="uid" />
            <generator class="assigned" />
        </id>
        <property name="style" type="java.lang.String">
            <column name="style" length="20" not-null="true" />
        </property>
        <property name="description" type="java.lang.String">
            <column name="description" length="100" not-null="true" />
        </property>
        <property name="layout" type="java.lang.String">
            <column name="layout" length="200" not-null="true" />
        </property>
        <property name="side" type="java.lang.Byte">
            <column name="side" not-null="true" />
        </property>
    </class>
</hibernate-mapping>
