<?xml version="1.0" encoding="utf-8"?>
<!DOCTYPE hibernate-mapping PUBLIC "-//Hibernate/Hibernate Mapping DTD 3.0//EN"
"http://hibernate.sourceforge.net/hibernate-mapping-3.0.dtd">
<!-- 
    Mapping file autogenerated by MyEclipse - Hibernate Tools
-->
<hibernate-mapping>
    <class name="cn.jsprun.domain.Members" table="jrun_members" dynamic-insert="true" dynamic-update="true" select-before-update="true">
        <id name="uid" type="java.lang.Integer">
            <column name="uid" />
            <generator class="native" />
        </id>
        <property name="username" type="java.lang.String">
            <column name="username" length="15" not-null="false" unique="true" />
        </property>
        <property name="password" type="java.lang.String">
            <column name="password" length="32"/>
        </property>
        <property name="secques" type="java.lang.String">
            <column name="secques" length="8" not-null="false"/>
        </property>
        <property name="gender" type="java.lang.Byte">
            <column name="gender" not-null="false"/>
        </property>
        <property name="adminid" type="java.lang.Byte">
            <column name="adminid" not-null="false" />
        </property>
        <property name="groupid" type="java.lang.Short">
            <column name="groupid" not-null="false" />
        </property>
        <property name="groupexpiry" type="java.lang.Integer">
            <column name="groupexpiry" not-null="false" />
        </property>
        <property name="extgroupids" type="java.lang.String">
            <column name="extgroupids" length="20" not-null="false" />
        </property>
        <property name="regip" type="java.lang.String">
            <column name="regip" length="15" not-null="false" />
        </property>
        <property name="regdate" type="java.lang.Integer">
            <column name="regdate" not-null="false" />
        </property>
        <property name="lastip" type="java.lang.String">
            <column name="lastip" length="15" not-null="false" />
        </property>
        <property name="lastvisit" type="java.lang.Integer">
            <column name="lastvisit" not-null="false" />
        </property>
        <property name="lastactivity" type="java.lang.Integer">
            <column name="lastactivity" not-null="false" />
        </property>
        <property name="lastpost" type="java.lang.Integer">
            <column name="lastpost" not-null="false" />
        </property>
        <property name="posts" type="java.lang.Integer">
            <column name="posts" not-null="false" />
        </property>
        <property name="digestposts" type="java.lang.Integer">
            <column name="digestposts" not-null="false" />
        </property>
        <property name="oltime" type="java.lang.Short">
            <column name="oltime" not-null="false" />
        </property>
        <property name="pageviews" type="java.lang.Integer">
            <column name="pageviews" not-null="false" />
        </property>
        <property name="credits" type="java.lang.Integer">
            <column name="credits" not-null="false" />
        </property>
        <property name="extcredits1" type="java.lang.Integer">
            <column name="extcredits1" not-null="false" />
        </property>
        <property name="extcredits2" type="java.lang.Integer">
            <column name="extcredits2" not-null="false" />
        </property>
        <property name="extcredits3" type="java.lang.Integer">
            <column name="extcredits3" not-null="false" />
        </property>
        <property name="extcredits4" type="java.lang.Integer">
            <column name="extcredits4" not-null="false" />
        </property>
        <property name="extcredits5" type="java.lang.Integer">
            <column name="extcredits5" not-null="false" />
        </property>
        <property name="extcredits6" type="java.lang.Integer">
            <column name="extcredits6" not-null="false" />
        </property>
        <property name="extcredits7" type="java.lang.Integer">
            <column name="extcredits7" not-null="false" />
        </property>
        <property name="extcredits8" type="java.lang.Integer">
            <column name="extcredits8" not-null="false" />
        </property>
        <property name="email" type="java.lang.String">
            <column name="email" length="40" not-null="false" />
        </property>
        <property name="bday" type="java.lang.String">
            <column name="bday" not-null="false" />
        </property>
        <property name="sigstatus" type="java.lang.Byte">
            <column name="sigstatus" not-null="false" />
        </property>
        <property name="tpp" type="java.lang.Short">
            <column name="tpp" not-null="false" />
        </property>
        <property name="ppp" type="java.lang.Short">
            <column name="ppp" not-null="false" />
        </property>
        <property name="styleid" type="java.lang.Short">
            <column name="styleid" not-null="false" />
        </property>
        <property name="dateformat" type="java.lang.Byte">
            <column name="dateformat" not-null="false" />
        </property>
        <property name="timeformat" type="java.lang.Byte">
            <column name="timeformat" not-null="false" />
        </property>
        <property name="pmsound" type="java.lang.Byte">
            <column name="pmsound" not-null="false" />
        </property>
        <property name="showemail" type="java.lang.Byte">
            <column name="showemail" not-null="false" />
        </property>
        <property name="newsletter" type="java.lang.Byte">
            <column name="newsletter" not-null="false" />
        </property>
        <property name="invisible" type="java.lang.Byte">
            <column name="invisible" not-null="false" />
        </property>
        <property name="timeoffset" type="java.lang.String">
            <column name="timeoffset" length="4" not-null="false" />
        </property>
        <property name="newpm" type="java.lang.Byte">
            <column name="newpm" not-null="false" />
        </property>
        <property name="accessmasks" type="java.lang.Byte">
            <column name="accessmasks" not-null="false" />
        </property>
        <property name="editormode" type="java.lang.Byte">
            <column name="editormode" not-null="false" />
        </property>
        <property name="customshow" type="java.lang.Byte">
            <column name="customshow" not-null="false" />
        </property>
        <property name="salt" type="java.lang.String">
            <column name="salt" not-null="false" length="6"/>
        </property>
	</class>
</hibernate-mapping>
