<?xml version="1.0" encoding="utf-8"?>
<!DOCTYPE hibernate-mapping PUBLIC "-//Hibernate/Hibernate Mapping DTD 3.0//EN"
"http://hibernate.sourceforge.net/hibernate-mapping-3.0.dtd">
<!-- 
    Mapping file autogenerated by MyEclipse - Hibernate Tools
-->
<hibernate-mapping>
    <class name="cn.jsprun.domain.Moderators" table="jrun_moderators"  dynamic-insert="true" dynamic-update="true" select-before-update="true">
        <composite-id name="id" class="cn.jsprun.domain.ModeratorsId">
            <key-property name="uid" type="java.lang.Integer">
                <column name="uid" />
            </key-property>
            <key-property name="fid" type="java.lang.Short">
                <column name="fid" />
            </key-property>
        </composite-id>
        <property name="displayorder" type="java.lang.Short">
            <column name="displayorder" not-null="false" />
        </property>
        <property name="inherited" type="java.lang.Byte">
            <column name="inherited" not-null="false" />
        </property>
    </class>
</hibernate-mapping>
