<?xml version="1.0" encoding="utf-8"?>
<!DOCTYPE hibernate-mapping PUBLIC "-//Hibernate/Hibernate Mapping DTD 3.0//EN"
"http://hibernate.sourceforge.net/hibernate-mapping-3.0.dtd">
<!-- 
    Mapping file autogenerated by MyEclipse - Hibernate Tools
-->
<hibernate-mapping>
    <class name="cn.jsprun.domain.Modworks" table="jrun_modworks" >
        <composite-id name="id" class="cn.jsprun.domain.ModworksId">
            <key-property name="uid" type="java.lang.Integer">
                <column name="uid" />
            </key-property>
            <key-property name="modaction" type="java.lang.String">
                <column name="modaction" length="3" />
            </key-property>
            <key-property name="dateline" type="java.lang.String">
                <column name="dateline" length="0" />
            </key-property>
            <key-property name="count" type="java.lang.Short">
                <column name="count" />
            </key-property>
            <key-property name="posts" type="java.lang.Short">
                <column name="posts" />
            </key-property>
        </composite-id>
    </class>
</hibernate-mapping>
