<?xml version="1.0" encoding="utf-8"?>
<!DOCTYPE hibernate-mapping PUBLIC "-//Hibernate/Hibernate Mapping DTD 3.0//EN"
"http://hibernate.sourceforge.net/hibernate-mapping-3.0.dtd">
<!-- 
    Mapping file autogenerated by MyEclipse - Hibernate Tools
-->
<hibernate-mapping>
    <class name="cn.jsprun.domain.Myposts" table="jrun_myposts" >
        <composite-id name="id" class="cn.jsprun.domain.MypostsId">
            <key-property name="uid" type="java.lang.Integer">
                <column name="uid" />
            </key-property>
            <key-property name="tid" type="java.lang.Integer">
                <column name="tid" />
            </key-property>
        </composite-id>
        <property name="pid" type="java.lang.Integer">
            <column name="pid" not-null="true" />
        </property>
        <property name="position" type="java.lang.Short">
            <column name="position" not-null="true" />
        </property>
        <property name="dateline" type="java.lang.Integer">
            <column name="dateline" not-null="true" />
        </property>
        <property name="special" type="java.lang.Byte">
            <column name="special" not-null="true" />
        </property>
    </class>
</hibernate-mapping>
