<?xml version="1.0" encoding="utf-8"?>
<!DOCTYPE hibernate-mapping PUBLIC "-//Hibernate/Hibernate Mapping DTD 3.0//EN"
"http://hibernate.sourceforge.net/hibernate-mapping-3.0.dtd">
<!-- 
    Mapping file autogenerated by MyEclipse - Hibernate Tools
-->
<hibernate-mapping>
    <class name="cn.jsprun.domain.Onlinelist" table="jrun_onlinelist" >
        <composite-id name="id" class="cn.jsprun.domain.OnlinelistId">
            <key-property name="groupid" type="java.lang.Short">
                <column name="groupid" />
            </key-property>
            <key-property name="displayorder" type="java.lang.Short">
                <column name="displayorder" />
            </key-property>
            <key-property name="title" type="java.lang.String">
                <column name="title" length="30" />
            </key-property>
            <key-property name="url" type="java.lang.String">
                <column name="url" length="30" />
            </key-property>
        </composite-id>
    </class>
</hibernate-mapping>
