<?xml version="1.0" encoding="utf-8"?>
<!DOCTYPE hibernate-mapping PUBLIC "-//Hibernate/Hibernate Mapping DTD 3.0//EN"
"http://hibernate.sourceforge.net/hibernate-mapping-3.0.dtd">
<!-- 
    Mapping file autogenerated by MyEclipse - Hibernate Tools
-->
<hibernate-mapping>
    <class name="cn.jsprun.domain.Onlinetime" table="jrun_onlinetime" >
        <id name="uid" type="java.lang.Integer">
            <column name="uid" />
            <generator class="assigned" />
        </id>
        <property name="thismonth" type="java.lang.Integer">
            <column name="thismonth" not-null="false" />
        </property>
        <property name="total" type="java.lang.Integer">
            <column name="total" not-null="false" />
        </property>
        <property name="lastupdate" type="java.lang.Integer">
            <column name="lastupdate" not-null="false" />
        </property>
    </class>
</hibernate-mapping>
