<?xml version="1.0" encoding="utf-8"?>
<!DOCTYPE hibernate-mapping PUBLIC "-//Hibernate/Hibernate Mapping DTD 3.0//EN"
"http://hibernate.sourceforge.net/hibernate-mapping-3.0.dtd">
<!-- 
    Mapping file autogenerated by MyEclipse - Hibernate Tools
-->
<hibernate-mapping>
    <class name="cn.jsprun.domain.Orders" table="jrun_orders" >
        <composite-id name="id" class="cn.jsprun.domain.OrdersId">
            <key-property name="orderid" type="java.lang.String">
                <column name="orderid" length="32" />
            </key-property>
            <key-property name="status" type="java.lang.String">
                <column name="status" length="3" />
            </key-property>
            <key-property name="buyer" type="java.lang.String">
                <column name="buyer" length="50" />
            </key-property>
            <key-property name="admin" type="java.lang.String">
                <column name="admin" length="15" />
            </key-property>
            <key-property name="uid" type="java.lang.Integer">
                <column name="uid" />
            </key-property>
            <key-property name="amount" type="java.lang.Integer">
                <column name="amount" />
            </key-property>
            <key-property name="price" type="java.lang.Float">
                <column name="price" precision="7" />
            </key-property>
            <key-property name="submitdate" type="java.lang.Integer">
                <column name="submitdate" />
            </key-property>
            <key-property name="confirmdate" type="java.lang.Integer">
                <column name="confirmdate" />
            </key-property>
        </composite-id>
    </class>
</hibernate-mapping>
