<?xml version="1.0" encoding="utf-8"?>
<!DOCTYPE hibernate-mapping PUBLIC "-//Hibernate/Hibernate Mapping DTD 3.0//EN"
"http://hibernate.sourceforge.net/hibernate-mapping-3.0.dtd">
<!-- 
    Mapping file autogenerated by MyEclipse - Hibernate Tools
-->
<hibernate-mapping>
    <class name="cn.jsprun.domain.Paymentlog" table="jrun_paymentlog" >
        <composite-id name="id" class="cn.jsprun.domain.PaymentlogId">
            <key-property name="tid" type="java.lang.Integer">
                <column name="tid" />
            </key-property>
            <key-property name="uid" type="java.lang.Integer">
                <column name="uid" />
            </key-property>
        </composite-id>
        <property name="authorid" type="java.lang.Integer">
            <column name="authorid" not-null="true" />
        </property>
        <property name="dateline" type="java.lang.Integer">
            <column name="dateline" not-null="true" />
        </property>
        <property name="amount" type="java.lang.Integer">
            <column name="amount" not-null="true" />
        </property>
        <property name="netamount" type="java.lang.Integer">
            <column name="netamount" not-null="true" />
        </property>
    </class>
</hibernate-mapping>
