<?xml version="1.0" encoding="utf-8"?>
<!DOCTYPE hibernate-mapping PUBLIC "-//Hibernate/Hibernate Mapping DTD 3.0//EN"
"http://hibernate.sourceforge.net/hibernate-mapping-3.0.dtd">
<!-- 
    Mapping file autogenerated by MyEclipse - Hibernate Tools
-->
<hibernate-mapping>
    <class name="cn.jsprun.domain.Pluginhooks" table="jrun_pluginhooks" >
        <id name="pluginhookid" type="java.lang.Integer">
            <column name="pluginhookid" />
            <generator class="native" />
        </id>
        <property name="pluginid" type="java.lang.Short">
            <column name="pluginid" not-null="true" />
        </property>
        <property name="available" type="java.lang.Byte">
            <column name="available" not-null="true" />
        </property>
        <property name="title" type="java.lang.String">
            <column name="title" not-null="true" />
        </property>
        <property name="description" type="java.lang.String">
            <column name="description" length="16777215" not-null="true" />
        </property>
        <property name="code" type="java.lang.String">
            <column name="code" length="16777215" not-null="true" />
        </property>
    </class>
</hibernate-mapping>
