<?xml version="1.0" encoding="utf-8"?>
<!DOCTYPE hibernate-mapping PUBLIC "-//Hibernate/Hibernate Mapping DTD 3.0//EN"
"http://hibernate.sourceforge.net/hibernate-mapping-3.0.dtd">
<!-- 
    Mapping file autogenerated by MyEclipse - Hibernate Tools
-->
<hibernate-mapping>
    <class name="cn.jsprun.domain.Pluginvars" table="jrun_pluginvars" >
        <id name="pluginvarid" type="java.lang.Integer">
            <column name="pluginvarid" />
            <generator class="native" />
        </id>
        <property name="pluginid" type="java.lang.Short">
            <column name="pluginid" not-null="true" />
        </property>
        <property name="displayorder" type="java.lang.Short">
            <column name="displayorder" not-null="true" />
        </property>
        <property name="title" type="java.lang.String">
            <column name="title" length="100" not-null="true" />
        </property>
        <property name="description" type="java.lang.String">
            <column name="description" not-null="true" />
        </property>
        <property name="variable" type="java.lang.String">
            <column name="variable" length="40" not-null="true" />
        </property>
        <property name="type" type="java.lang.String">
            <column name="type" length="20" not-null="true" />
        </property>
        <property name="value" type="java.lang.String">
            <column name="value" length="65535" not-null="true" />
        </property>
        <property name="extra" type="java.lang.String">
            <column name="extra" length="65535" not-null="true" />
        </property>
    </class>
</hibernate-mapping>
