<?xml version="1.0" encoding="utf-8"?>
<!DOCTYPE hibernate-mapping PUBLIC "-//Hibernate/Hibernate Mapping DTD 3.0//EN"
"http://hibernate.sourceforge.net/hibernate-mapping-3.0.dtd">
<!-- 
    Mapping file autogenerated by MyEclipse - Hibernate Tools
-->
<hibernate-mapping>
    <class name="cn.jsprun.domain.Plugins" table="jrun_plugins" >
        <id name="pluginid" type="java.lang.Short">
            <column name="pluginid" />
            <generator class="native" />
        </id>
        <property name="available" type="java.lang.Byte">
            <column name="available" not-null="true" />
        </property>
        <property name="adminid" type="java.lang.Byte">
            <column name="adminid" not-null="true" />
        </property>
        <property name="name" type="java.lang.String">
            <column name="name" length="40" not-null="true" />
        </property>
        <property name="identifier" type="java.lang.String">
            <column name="identifier" length="40" not-null="true" unique="true" />
        </property>
        <property name="description" type="java.lang.String">
            <column name="description" not-null="true" />
        </property>
        <property name="datatables" type="java.lang.String">
            <column name="datatables" not-null="true" />
        </property>
        <property name="directory" type="java.lang.String">
            <column name="directory" length="100" not-null="true" />
        </property>
        <property name="copyright" type="java.lang.String">
            <column name="copyright" length="100" not-null="true" />
        </property>
        <property name="modules" type="java.lang.String">
            <column name="modules" length="65535" not-null="true" />
        </property>
    </class>
</hibernate-mapping>
