<?xml version="1.0" encoding="utf-8"?>
<!DOCTYPE hibernate-mapping PUBLIC "-//Hibernate/Hibernate Mapping DTD 3.0//EN"
"http://hibernate.sourceforge.net/hibernate-mapping-3.0.dtd">
<!-- 
    Mapping file autogenerated by MyEclipse - Hibernate Tools
-->
<hibernate-mapping>
    <class name="cn.jsprun.domain.Pms" table="jrun_pms" >
        <id name="pmid" type="java.lang.Integer">
            <column name="pmid" />
            <generator class="native" />
        </id>
        <property name="msgfrom" type="java.lang.String">
            <column name="msgfrom" length="15" not-null="true" />
        </property>
        <property name="msgfromid" type="java.lang.Integer">
            <column name="msgfromid" not-null="true" />
        </property>
        <property name="msgtoid" type="java.lang.Integer">
            <column name="msgtoid" not-null="true" />
        </property>
        <property name="folder" type="java.lang.String">
            <column name="folder" length="6" not-null="true" />
        </property>
        <property name="new_" type="java.lang.Byte">
            <column name="new" not-null="true" />
        </property>
        <property name="subject" type="java.lang.String">
            <column name="subject" length="75" not-null="true" />
        </property>
        <property name="dateline" type="java.lang.Integer">
            <column name="dateline" not-null="true" />
        </property>
        <property name="message" type="java.lang.String">
            <column name="message" length="65535" not-null="true" />
        </property>
        <property name="delstatus" type="java.lang.Byte">
            <column name="delstatus" not-null="true" />
        </property>
    </class>
</hibernate-mapping>
