<?xml version="1.0" encoding="utf-8"?>
<!DOCTYPE hibernate-mapping PUBLIC "-//Hibernate/Hibernate Mapping DTD 3.0//EN"
"http://hibernate.sourceforge.net/hibernate-mapping-3.0.dtd">
<!-- 
    Mapping file autogenerated by MyEclipse - Hibernate Tools
-->
<hibernate-mapping>
    <class name="cn.jsprun.domain.Polls" table="jrun_polls" >
        <id name="tid" type="java.lang.Integer">
            <column name="tid" />
            <generator class="assigned" />
        </id>
        <property name="multiple" type="java.lang.Byte">
            <column name="multiple" not-null="true" />
        </property>
        <property name="visible" type="java.lang.Byte">
            <column name="visible" not-null="true" />
        </property>
        <property name="maxchoices" type="java.lang.Short">
            <column name="maxchoices" not-null="true" />
        </property>
        <property name="expiration" type="java.lang.Integer">
            <column name="expiration" not-null="true" />
        </property>
    </class>
</hibernate-mapping>
