<?xml version="1.0" encoding="utf-8"?>
<!DOCTYPE hibernate-mapping PUBLIC "-//Hibernate/Hibernate Mapping DTD 3.0//EN"
"http://hibernate.sourceforge.net/hibernate-mapping-3.0.dtd">
<!-- 
    Mapping file autogenerated by MyEclipse - Hibernate Tools
-->
<hibernate-mapping>
    <class name="cn.jsprun.domain.Polloptions" table="jrun_polloptions" >
        <id name="polloptionid" type="java.lang.Integer">
            <column name="polloptionid" />
            <generator class="native" />
        </id>
        <property name="tid" type="java.lang.Integer">
            <column name="tid" not-null="true" />
        </property>
        <property name="votes" type="java.lang.Integer">
            <column name="votes" not-null="true" />
        </property>
        <property name="displayorder" type="java.lang.Short">
            <column name="displayorder" not-null="true" />
        </property>
        <property name="polloption" type="java.lang.String">
            <column name="polloption" length="80" not-null="true" />
        </property>
        <property name="voterids" type="java.lang.String">
            <column name="voterids" length="16777215" not-null="true" />
        </property>
    </class>
</hibernate-mapping>
