<?xml version="1.0" encoding="utf-8"?>
<!DOCTYPE hibernate-mapping PUBLIC "-//Hibernate/Hibernate Mapping DTD 3.0//EN"
"http://hibernate.sourceforge.net/hibernate-mapping-3.0.dtd">
<!-- 
    Mapping file autogenerated by MyEclipse - Hibernate Tools
-->
<hibernate-mapping>
    <class name="cn.jsprun.domain.Posts" table="jrun_posts"  dynamic-insert="true" dynamic-update="true" select-before-update="true">
        <id name="pid" type="java.lang.Integer">
            <column name="pid" />
            <generator class="native" />
        </id>
        <property name="fid" type="java.lang.Short">
            <column name="fid" not-null="false" />
        </property>
        <property name="tid" type="java.lang.Integer">
            <column name="tid" not-null="false" />
        </property>
        <property name="first" type="java.lang.Byte">
            <column name="first" not-null="false" />
        </property>
        <property name="author" type="java.lang.String">
            <column name="author" length="15" not-null="false" />
        </property>
        <property name="authorid" type="java.lang.Integer">
            <column name="authorid" not-null="false" />
        </property>
        <property name="subject" type="java.lang.String">
            <column name="subject" length="80" not-null="false" />
        </property>
        <property name="dateline" type="java.lang.Integer">
            <column name="dateline" not-null="false" />
        </property>
        <property name="message" type="java.lang.String">
            <column name="message" length="16777215" not-null="false" />
        </property>
        <property name="useip" type="java.lang.String">
            <column name="useip" length="15" not-null="false" />
        </property>
        <property name="invisible" type="java.lang.Byte">
            <column name="invisible" not-null="false" />
        </property>
        <property name="anonymous" type="java.lang.Byte">
            <column name="anonymous" not-null="false" />
        </property>
        <property name="usesig" type="java.lang.Byte">
            <column name="usesig" not-null="false" />
        </property>
        <property name="htmlon" type="java.lang.Byte">
            <column name="htmlon" not-null="false" />
        </property>
        <property name="bbcodeoff" type="java.lang.Byte">
            <column name="bbcodeoff" not-null="false" />
        </property>
        <property name="smileyoff" type="java.lang.Byte">
            <column name="smileyoff" not-null="false" />
        </property>
        <property name="parseurloff" type="java.lang.Byte">
            <column name="parseurloff" not-null="false" />
        </property>
        <property name="attachment" type="java.lang.Byte">
            <column name="attachment" not-null="false" />
        </property>
        <property name="rate" type="java.lang.Short">
            <column name="rate" not-null="false" />
        </property>
        <property name="ratetimes" type="java.lang.Short">
            <column name="ratetimes" not-null="false" />
        </property>
        <property name="status" type="java.lang.Byte">
            <column name="status" not-null="false" />
        </property>
    </class>
</hibernate-mapping>
