<?xml version="1.0" encoding="utf-8"?>
<!DOCTYPE hibernate-mapping PUBLIC "-//Hibernate/Hibernate Mapping DTD 3.0//EN"
"http://hibernate.sourceforge.net/hibernate-mapping-3.0.dtd">
<!-- 
    Mapping file autogenerated by MyEclipse - Hibernate Tools
-->
<hibernate-mapping>
    <class name="cn.jsprun.domain.Profilefields" table="jrun_profilefields" dynamic-insert="true" >
        <id name="fieldid" type="java.lang.Short">
            <column name="fieldid" />
            <generator class="native" />
        </id>
        <property name="available" type="java.lang.Byte">
            <column name="available" not-null="false" />
        </property>
        <property name="invisible" type="java.lang.Byte">
            <column name="invisible" not-null="false" />
        </property>
        <property name="title" type="java.lang.String">
            <column name="title" length="50" not-null="false" />
        </property>
        <property name="description" type="java.lang.String">
            <column name="description" not-null="false" />
        </property>
        <property name="size" type="java.lang.Short">
            <column name="size" not-null="false" />
        </property>
        <property name="displayorder" type="java.lang.Short">
            <column name="displayorder" not-null="false" />
        </property>
        <property name="required" type="java.lang.Byte">
            <column name="required" not-null="false" />
        </property>
        <property name="unchangeable" type="java.lang.Byte">
            <column name="unchangeable" not-null="false" />
        </property>
        <property name="showinthread" type="java.lang.Byte">
            <column name="showinthread" not-null="false" />
        </property>
        <property name="selective" type="java.lang.Byte">
            <column name="selective" not-null="false" />
        </property>
        <property name="choices" type="java.lang.String">
            <column name="choices" length="65535" not-null="false" />
        </property>
    </class>
</hibernate-mapping>
