<?xml version="1.0" encoding="utf-8"?>
<!DOCTYPE hibernate-mapping PUBLIC "-//Hibernate/Hibernate Mapping DTD 3.0//EN"
"http://hibernate.sourceforge.net/hibernate-mapping-3.0.dtd">
<!-- 
    Mapping file autogenerated by MyEclipse - Hibernate Tools
-->
<hibernate-mapping>
    <class name="cn.jsprun.domain.Projects" table="jrun_projects"  dynamic-insert="true" dynamic-update="true" select-before-update="true">
        <id name="id" type="java.lang.Short">
            <column name="id" />
            <generator class="native" />
        </id>
        <property name="name" type="java.lang.String">
            <column name="name" length="50" not-null="false" />
        </property>
        <property name="type" type="java.lang.String">
            <column name="type" length="10" not-null="false" />
        </property>
        <property name="description" type="java.lang.String">
            <column name="description" not-null="false" />
        </property>
        <property name="value" type="java.lang.String">
            <column name="value" length="16777215" not-null="false" />
        </property>
    </class>
</hibernate-mapping>
