<?xml version="1.0" encoding="utf-8"?>
<!DOCTYPE hibernate-mapping PUBLIC "-//Hibernate/Hibernate Mapping DTD 3.0//EN"
"http://hibernate.sourceforge.net/hibernate-mapping-3.0.dtd">
<!-- 
    Mapping file autogenerated by MyEclipse - Hibernate Tools
-->
<hibernate-mapping>
    <class name="cn.jsprun.domain.Promotions" table="jrun_promotions" >
        <id name="ip" type="java.lang.String">
            <column name="ip" length="15" />
            <generator class="assigned" />
        </id>
        <property name="uid" type="java.lang.Integer">
            <column name="uid" not-null="true" />
        </property>
        <property name="username" type="java.lang.String">
            <column name="username" length="15" not-null="true" />
        </property>
    </class>
</hibernate-mapping>
