<?xml version="1.0" encoding="utf-8"?>
<!DOCTYPE hibernate-mapping PUBLIC "-//Hibernate/Hibernate Mapping DTD 3.0//EN"
"http://hibernate.sourceforge.net/hibernate-mapping-3.0.dtd">
<!-- 
    Mapping file autogenerated by MyEclipse - Hibernate Tools
-->
<hibernate-mapping>
    <class name="cn.jsprun.domain.Ranks" table="jrun_ranks" >
        <id name="rankid" type="java.lang.Short">
            <column name="rankid" />
            <generator class="native" />
        </id>
        <property name="ranktitle" type="java.lang.String">
            <column name="ranktitle" length="30" not-null="true" />
        </property>
        <property name="postshigher" type="java.lang.Integer">
            <column name="postshigher" not-null="true" />
        </property>
        <property name="stars" type="java.lang.Short">
            <column name="stars" not-null="true" />
        </property>
        <property name="color" type="java.lang.String">
            <column name="color" length="7" not-null="true" />
        </property>
    </class>
</hibernate-mapping>
