<?xml version="1.0" encoding="utf-8"?>
<!DOCTYPE hibernate-mapping PUBLIC "-//Hibernate/Hibernate Mapping DTD 3.0//EN"
"http://hibernate.sourceforge.net/hibernate-mapping-3.0.dtd">
<!-- 
    Mapping file autogenerated by MyEclipse - Hibernate Tools
-->
<hibernate-mapping>
    <class name="cn.jsprun.domain.Ratelog" table="jrun_ratelog" >
        <composite-id name="id" class="cn.jsprun.domain.RatelogId">
            <key-property name="pid" type="java.lang.Integer">
                <column name="pid" />
            </key-property>
            <key-property name="uid" type="java.lang.Integer">
                <column name="uid" />
            </key-property>
            <key-property name="username" type="java.lang.String">
                <column name="username" length="15" />
            </key-property>
            <key-property name="extcredits" type="java.lang.Byte">
                <column name="extcredits" />
            </key-property>
            <key-property name="dateline" type="java.lang.Integer">
                <column name="dateline" />
            </key-property>
            <key-property name="score" type="java.lang.Short">
                <column name="score" />
            </key-property>
            <key-property name="reason" type="java.lang.String">
                <column name="reason" length="40" />
            </key-property>
        </composite-id>
    </class>
</hibernate-mapping>
