<?xml version="1.0" encoding="utf-8"?>
<!DOCTYPE hibernate-mapping PUBLIC "-//Hibernate/Hibernate Mapping DTD 3.0//EN"
"http://hibernate.sourceforge.net/hibernate-mapping-3.0.dtd">
<!-- 
    Mapping file autogenerated by MyEclipse - Hibernate Tools
-->
<hibernate-mapping>
    <class name="cn.jsprun.domain.Regips" table="jrun_regips"  dynamic-insert="true" dynamic-update="true" select-before-update="true">
        <composite-id name="id" class="cn.jsprun.domain.RegipsId">
            <key-property name="ip" type="java.lang.String">
                <column name="ip" length="15" />
            </key-property>
            <key-property name="dateline" type="java.lang.Integer">
                <column name="dateline" />
            </key-property>
            <key-property name="count" type="java.lang.Short">
                <column name="count" />
            </key-property>
        </composite-id>
    </class>
</hibernate-mapping>
