<?xml version="1.0" encoding="utf-8"?>
<!DOCTYPE hibernate-mapping PUBLIC "-//Hibernate/Hibernate Mapping DTD 3.0//EN"
"http://hibernate.sourceforge.net/hibernate-mapping-3.0.dtd">
<!-- 
    Mapping file autogenerated by MyEclipse - Hibernate Tools
-->
<hibernate-mapping>
    <class name="cn.jsprun.domain.Relatedthreads" table="jrun_relatedthreads" >
        <composite-id name="id" class="cn.jsprun.domain.RelatedthreadsId">
            <key-property name="tid" type="java.lang.Integer">
                <column name="tid" />
            </key-property>
            <key-property name="type" type="java.lang.String">
                <column name="type" length="8" />
            </key-property>
        </composite-id>
        <property name="expiration" type="java.lang.Integer">
            <column name="expiration" not-null="true" />
        </property>
        <property name="keywords" type="java.lang.String">
            <column name="keywords" not-null="true" />
        </property>
        <property name="relatedthreads" type="java.lang.String">
            <column name="relatedthreads" length="65535" not-null="true" />
        </property>
    </class>
</hibernate-mapping>
