<?xml version="1.0" encoding="utf-8"?>
<!DOCTYPE hibernate-mapping PUBLIC "-//Hibernate/Hibernate Mapping DTD 3.0//EN"
"http://hibernate.sourceforge.net/hibernate-mapping-3.0.dtd">
<!-- 
    Mapping file autogenerated by MyEclipse - Hibernate Tools
-->
<hibernate-mapping>
    <class name="cn.jsprun.domain.Rewardlog" table="jrun_rewardlog" >
        <composite-id name="id" class="cn.jsprun.domain.RewardlogId">
            <key-property name="tid" type="java.lang.Integer">
                <column name="tid" />
            </key-property>
            <key-property name="authorid" type="java.lang.Integer">
                <column name="authorid" />
            </key-property>
            <key-property name="answererid" type="java.lang.Integer">
                <column name="answererid" />
            </key-property>
            <key-property name="dateline" type="java.lang.Integer">
                <column name="dateline" />
            </key-property>
            <key-property name="netamount" type="java.lang.Integer">
                <column name="netamount" />
            </key-property>
        </composite-id>
    </class>
</hibernate-mapping>
