<?xml version="1.0" encoding="utf-8"?>
<!DOCTYPE hibernate-mapping PUBLIC "-//Hibernate/Hibernate Mapping DTD 3.0//EN"
"http://hibernate.sourceforge.net/hibernate-mapping-3.0.dtd">
<!-- 
    Mapping file autogenerated by MyEclipse - Hibernate Tools
-->
<hibernate-mapping>
    <class name="cn.jsprun.domain.Rsscaches" table="jrun_rsscaches" >
        <composite-id name="id" class="cn.jsprun.domain.RsscachesId">
            <key-property name="lastupdate" type="java.lang.Integer">
                <column name="lastupdate" />
            </key-property>
            <key-property name="fid" type="java.lang.Short">
                <column name="fid" />
            </key-property>
            <key-property name="tid" type="java.lang.Integer">
                <column name="tid" />
            </key-property>
            <key-property name="dateline" type="java.lang.Integer">
                <column name="dateline" />
            </key-property>
            <key-property name="forum" type="java.lang.String">
                <column name="forum" length="50" />
            </key-property>
            <key-property name="author" type="java.lang.String">
                <column name="author" length="15" />
            </key-property>
            <key-property name="subject" type="java.lang.String">
                <column name="subject" length="80" />
            </key-property>
            <key-property name="description" type="java.lang.String">
                <column name="description" />
            </key-property>
        </composite-id>
    </class>
</hibernate-mapping>
