<?xml version="1.0" encoding="utf-8"?>
<!DOCTYPE hibernate-mapping PUBLIC "-//Hibernate/Hibernate Mapping DTD 3.0//EN"
"http://hibernate.sourceforge.net/hibernate-mapping-3.0.dtd">
<!-- 
    Mapping file autogenerated by MyEclipse - Hibernate Tools
-->
<hibernate-mapping>
    <class name="cn.jsprun.domain.Sessions" table="jrun_sessions" dynamic-insert="true" dynamic-update="true" select-before-update="true">
    	<id name="sid" type="java.lang.String" column="sid">
    		<generator class="assigned">
    		</generator>
    	</id>
    	<property name="ip1" type="java.lang.Short">
                <column name="ip1" />
        </property>
    	<property  name="ip2" type="java.lang.Short">
                <column name="ip2" />
        </property>
    	<property  name="ip3" type="java.lang.Short">
                <column name="ip3" />
        </property>
    	<property name="ip4" type="java.lang.Short">
                <column name="ip4" />
        </property>
    	<property name="uid" type="java.lang.Integer">
                <column name="uid" />
        </property>
    	<property name="username" type="java.lang.String">
                <column name="username" length="15" />
        </property>
    	<property  name="groupid" type="java.lang.Short">
                <column name="groupid" />
        </property>
    	<property name="styleid" type="java.lang.Short">
                <column name="styleid" />
        </property>
    	<property name="invisible" type="java.lang.Byte">
                <column name="invisible" />
        </property>
    	<property name="action" type="java.lang.Short">
                <column name="action" />
        </property>
    	<property name="lastactivity" type="java.lang.Integer">
                <column name="lastactivity" />
        </property>
    	<property name="lastolupdate" type="java.lang.Integer">
                <column name="lastolupdate" />
        </property>
    	<property name="pageviews" type="java.lang.Short">
                <column name="pageviews" />
        </property>
    	<property name="seccode" type="java.lang.Integer">
                <column name="seccode" />
        </property>
    	<property name="fid" type="java.lang.Short">
                <column name="fid" />
        </property>
    	<property name="tid" type="java.lang.Integer">
                <column name="tid" />
        </property>
    </class>
</hibernate-mapping>
