<?xml version="1.0" encoding="utf-8"?>
<!DOCTYPE hibernate-mapping PUBLIC "-//Hibernate/Hibernate Mapping DTD 3.0//EN"
"http://hibernate.sourceforge.net/hibernate-mapping-3.0.dtd">
<!-- 
    Mapping file autogenerated by MyEclipse - Hibernate Tools
-->
<hibernate-mapping>
    <class name="cn.jsprun.domain.Settings" table="jrun_settings" >
        <id name="variable" type="java.lang.String">
            <column name="variable" length="32" />
            <generator class="assigned" />
        </id>
        <property name="value" type="java.lang.String">
            <column name="value" length="65535" not-null="true" />
        </property>
    </class>
</hibernate-mapping>
