<?xml version="1.0" encoding="utf-8"?>
<!DOCTYPE hibernate-mapping PUBLIC "-//Hibernate/Hibernate Mapping DTD 3.0//EN"
"http://hibernate.sourceforge.net/hibernate-mapping-3.0.dtd">
<!-- 
    Mapping file autogenerated by MyEclipse - Hibernate Tools
-->
<hibernate-mapping>
    <class name="cn.jsprun.domain.Smilies" table="jrun_smilies" >
        <id name="id" type="java.lang.Short">
            <column name="id" />
            <generator class="native" />
        </id>
        <property name="typeid" type="java.lang.Short">
            <column name="typeid" not-null="true" />
        </property>
        <property name="displayorder" type="java.lang.Short">
            <column name="displayorder" not-null="true" />
        </property>
        <property name="type" type="java.lang.String">
            <column name="type" length="7" not-null="true" />
        </property>
        <property name="code" type="java.lang.String">
            <column name="code" length="30" not-null="true" />
        </property>
        <property name="url" type="java.lang.String">
            <column name="url" length="30" not-null="true" />
        </property>
    </class>
</hibernate-mapping>
