<?xml version="1.0" encoding="utf-8"?>
<!DOCTYPE hibernate-mapping PUBLIC "-//Hibernate/Hibernate Mapping DTD 3.0//EN"
"http://hibernate.sourceforge.net/hibernate-mapping-3.0.dtd">
<!-- 
    Mapping file autogenerated by MyEclipse - Hibernate Tools
-->
<hibernate-mapping>
    <class name="cn.jsprun.domain.Spacecaches" table="jrun_spacecaches" >
        <composite-id name="id" class="cn.jsprun.domain.SpacecachesId">
            <key-property name="uid" type="java.lang.Integer">
                <column name="uid" />
            </key-property>
            <key-property name="variable" type="java.lang.String">
                <column name="variable" length="20" />
            </key-property>
        </composite-id>
        <property name="value" type="java.lang.String">
            <column name="value" length="65535" not-null="true" />
        </property>
        <property name="expiration" type="java.lang.Integer">
            <column name="expiration" not-null="true" />
        </property>
    </class>
</hibernate-mapping>
