<?xml version="1.0" encoding="utf-8"?>
<!DOCTYPE hibernate-mapping PUBLIC "-//Hibernate/Hibernate Mapping DTD 3.0//EN"
"http://hibernate.sourceforge.net/hibernate-mapping-3.0.dtd">
<!-- 
    Mapping file autogenerated by MyEclipse - Hibernate Tools
-->
<hibernate-mapping>
    <class name="cn.jsprun.domain.Statvars" table="jrun_statvars" dynamic-insert="true" dynamic-update="true" select-before-update="true" >
        <composite-id name="id" class="cn.jsprun.domain.StatvarsId">
            <key-property name="type" type="java.lang.String">
                <column name="type" length="20" />
            </key-property>
            <key-property name="variable" type="java.lang.String">
                <column name="variable" length="20" />
            </key-property>
        </composite-id>
        <property name="value" type="java.lang.String">
            <column name="value" length="16777215" not-null="false" />
        </property>
    </class>
</hibernate-mapping>
