<?xml version="1.0" encoding="utf-8"?>
<!DOCTYPE hibernate-mapping PUBLIC "-//Hibernate/Hibernate Mapping DTD 3.0//EN"
"http://hibernate.sourceforge.net/hibernate-mapping-3.0.dtd">
<!-- 
    Mapping file autogenerated by MyEclipse - Hibernate Tools
-->
<hibernate-mapping>
    <class name="cn.jsprun.domain.Stats" table="jrun_stats" >
        <composite-id name="id" class="cn.jsprun.domain.StatsId">
            <key-property name="type" type="java.lang.String">
                <column name="type" length="10" />
            </key-property>
            <key-property name="variable" type="java.lang.String">
                <column name="variable" length="10" />
            </key-property>
        </composite-id>
        <property name="count" type="java.lang.Integer">
            <column name="count" not-null="true" />
        </property>
    </class>
</hibernate-mapping>
