<?xml version="1.0" encoding="utf-8"?>
<!DOCTYPE hibernate-mapping PUBLIC "-//Hibernate/Hibernate Mapping DTD 3.0//EN"
"http://hibernate.sourceforge.net/hibernate-mapping-3.0.dtd">
<!-- 
    Mapping file autogenerated by MyEclipse - Hibernate Tools
-->
<hibernate-mapping>
    <class name="cn.jsprun.domain.Stylevars" table="jrun_stylevars" dynamic-insert="true" dynamic-update="true" select-before-update="true">
        <id name="stylevarid" type="java.lang.Short">
            <column name="stylevarid" />
            <generator class="native" />
        </id>
        <property name="styleid" type="java.lang.Short">
            <column name="styleid" not-null="true" />
        </property>
        <property name="variable" type="java.lang.String">
            <column name="variable" length="65535" not-null="false" />
        </property>
        <property name="substitute" type="java.lang.String">
            <column name="substitute" length="65535" not-null="false" />
        </property>
    </class>
</hibernate-mapping>
