<?xml version="1.0" encoding="utf-8"?>
<!DOCTYPE hibernate-mapping PUBLIC "-//Hibernate/Hibernate Mapping DTD 3.0//EN"
"http://hibernate.sourceforge.net/hibernate-mapping-3.0.dtd">
<!-- 
    Mapping file autogenerated by MyEclipse - Hibernate Tools
-->
<hibernate-mapping>
    <class name="cn.jsprun.domain.Styles" table="jrun_styles" dynamic-insert="true" dynamic-update="true" select-before-update="true">
        <id name="styleid" type="java.lang.Short">
            <column name="styleid" />
            <generator class="native" />
        </id>
        <property name="name" type="java.lang.String">
            <column name="name" length="20" not-null="false" />
        </property>
        <property name="available" type="java.lang.Byte">
            <column name="available" not-null="false" />
        </property>
        <property name="templateid" type="java.lang.Short">
            <column name="templateid" not-null="false" />
        </property>
    </class>
</hibernate-mapping>
