<?xml version="1.0" encoding="utf-8"?>
<!DOCTYPE hibernate-mapping PUBLIC "-//Hibernate/Hibernate Mapping DTD 3.0//EN"
"http://hibernate.sourceforge.net/hibernate-mapping-3.0.dtd">
<!-- 
    Mapping file autogenerated by MyEclipse - Hibernate Tools
-->
<hibernate-mapping>
    <class name="cn.jsprun.domain.Tags" table="jrun_tags" >
        <id name="tagname" type="java.lang.String">
            <column name="tagname" length="20" />
            <generator class="assigned" />
        </id>
        <property name="closed" type="java.lang.Byte">
            <column name="closed" not-null="true" />
        </property>
        <property name="total" type="java.lang.Integer">
            <column name="total" not-null="true" />
        </property>
    </class>
</hibernate-mapping>
