<?xml version="1.0" encoding="utf-8"?>
<!DOCTYPE hibernate-mapping PUBLIC "-//Hibernate/Hibernate Mapping DTD 3.0//EN"
"http://hibernate.sourceforge.net/hibernate-mapping-3.0.dtd">
<!-- 
    Mapping file autogenerated by MyEclipse - Hibernate Tools
-->
<hibernate-mapping>
    <class name="cn.jsprun.domain.Templates" table="jrun_templates" >
        <id name="templateid" type="java.lang.Short">
            <column name="templateid" />
            <generator class="native" />
        </id>
        <property name="name" type="java.lang.String">
            <column name="name" length="30" not-null="true" />
        </property>
        <property name="directory" type="java.lang.String">
            <column name="directory" length="100" not-null="true" />
        </property>
        <property name="copyright" type="java.lang.String">
            <column name="copyright" length="100" not-null="true" />
        </property>
    </class>
</hibernate-mapping>
