<?xml version="1.0" encoding="utf-8"?>
<!DOCTYPE hibernate-mapping PUBLIC "-//Hibernate/Hibernate Mapping DTD 3.0//EN"
"http://hibernate.sourceforge.net/hibernate-mapping-3.0.dtd">
<!-- 
    Mapping file autogenerated by MyEclipse - Hibernate Tools
-->
<hibernate-mapping>
    <class name="cn.jsprun.domain.Threads" table="jrun_threads" dynamic-insert="true" dynamic-update="true" select-before-update="true">
        <id name="tid" type="java.lang.Integer">
            <column name="tid" />
            <generator class="native" />
        </id>
        <property name="fid" type="java.lang.Short">
            <column name="fid" not-null="false" />
        </property>
        <property name="iconid" type="java.lang.Short">
            <column name="iconid" not-null="false" />
        </property>
        <property name="typeid" type="java.lang.Short">
            <column name="typeid" not-null="false" />
        </property>
        <property name="readperm" type="java.lang.Short">
            <column name="readperm" not-null="false" />
        </property>
        <property name="price" type="java.lang.Short">
            <column name="price" not-null="false" />
        </property>
        <property name="author" type="java.lang.String">
            <column name="author" length="15" not-null="false" />
        </property>
        <property name="authorid" type="java.lang.Integer">
            <column name="authorid" not-null="false" />
        </property>
        <property name="subject" type="java.lang.String">
            <column name="subject" length="80" not-null="false" />
        </property>
        <property name="dateline" type="java.lang.Integer">
            <column name="dateline" not-null="false" />
        </property>
        <property name="lastpost" type="java.lang.Integer">
            <column name="lastpost" not-null="false" />
        </property>
        <property name="lastposter" type="java.lang.String">
            <column name="lastposter" length="15" not-null="false" />
        </property>
        <property name="views" type="java.lang.Integer">
            <column name="views" not-null="false" />
        </property>
        <property name="replies" type="java.lang.Integer">
            <column name="replies" not-null="false" />
        </property>
        <property name="displayorder" type="java.lang.Byte">
            <column name="displayorder" not-null="false" />
        </property>
        <property name="highlight" type="java.lang.Byte">
            <column name="highlight" not-null="false" />
        </property>
        <property name="digest" type="java.lang.Byte">
            <column name="digest" not-null="false" />
        </property>
        <property name="rate" type="java.lang.Byte">
            <column name="rate" not-null="false" />
        </property>
        <property name="blog" type="java.lang.Byte">
            <column name="blog" not-null="false" />
        </property>
        <property name="special" type="java.lang.Byte">
            <column name="special" not-null="false" />
        </property>
        <property name="attachment" type="java.lang.Byte">
            <column name="attachment" not-null="false" />
        </property>
        <property name="subscribed" type="java.lang.Byte">
            <column name="subscribed" not-null="false" />
        </property>
        <property name="moderated" type="java.lang.Byte">
            <column name="moderated" not-null="false" />
        </property>
        <property name="closed" type="java.lang.Integer">
            <column name="closed" not-null="false" />
        </property>
    </class>
</hibernate-mapping>
