<?xml version="1.0" encoding="utf-8"?>
<!DOCTYPE hibernate-mapping PUBLIC "-//Hibernate/Hibernate Mapping DTD 3.0//EN"
"http://hibernate.sourceforge.net/hibernate-mapping-3.0.dtd">
<!-- 
    Mapping file autogenerated by MyEclipse - Hibernate Tools
-->
<hibernate-mapping>
    <class name="cn.jsprun.domain.Threadsmod" table="jrun_threadsmod" >
        <composite-id name="id" class="cn.jsprun.domain.ThreadsmodId">
            <key-property name="tid" type="java.lang.Integer">
                <column name="tid" />
            </key-property>
            <key-property name="uid" type="java.lang.Integer">
                <column name="uid" />
            </key-property>
            <key-property name="username" type="java.lang.String">
                <column name="username" length="15" />
            </key-property>
            <key-property name="dateline" type="java.lang.Integer">
                <column name="dateline" />
            </key-property>
            <key-property name="expiration" type="java.lang.Integer">
                <column name="expiration" />
            </key-property>
            <key-property name="action" type="java.lang.String">
                <column name="action" length="5" />
            </key-property>
            <key-property name="status" type="java.lang.Byte">
                <column name="status" />
            </key-property>
            <key-property name="magicid" type="java.lang.Short">
                <column name="magicid" />
            </key-property>
            <key-property name="remark" type="java.lang.String">
                <column name="remark" />
            </key-property>
        </composite-id>
    </class>
</hibernate-mapping>
