<?xml version="1.0" encoding="utf-8"?>
<!DOCTYPE hibernate-mapping PUBLIC "-//Hibernate/Hibernate Mapping DTD 3.0//EN"
"http://hibernate.sourceforge.net/hibernate-mapping-3.0.dtd">
<!-- 
    Mapping file autogenerated by MyEclipse - Hibernate Tools
-->
<hibernate-mapping>
    <class name="cn.jsprun.domain.Threadtypes" table="jrun_threadtypes"  dynamic-insert="true" dynamic-update="true" select-before-update="true">
        <id name="typeid" type="java.lang.Short">
            <column name="typeid" />
            <generator class="native" />
        </id>
        <property name="displayorder" type="java.lang.Short">
            <column name="displayorder" not-null="false" />
        </property>
        <property name="name" type="java.lang.String">
            <column name="name" not-null="true" />
        </property>
        <property name="description" type="java.lang.String">
            <column name="description" not-null="false" />
        </property>
        <property name="special" type="java.lang.Short">
            <column name="special" not-null="false" />
        </property>
        <property name="modelid" type="java.lang.Short">
            <column name="modelid" not-null="false" />
        </property>
        <property name="expiration" type="java.lang.Byte">
            <column name="expiration" not-null="false" />
        </property>
        <property name="template" type="java.lang.String">
            <column name="template" length="65535" not-null="false" />
        </property>
    </class>
</hibernate-mapping>
