<?xml version="1.0" encoding="utf-8"?>
<!DOCTYPE hibernate-mapping PUBLIC "-//Hibernate/Hibernate Mapping DTD 3.0//EN"
"http://hibernate.sourceforge.net/hibernate-mapping-3.0.dtd">
<!-- 
    Mapping file autogenerated by MyEclipse - Hibernate Tools
-->
<hibernate-mapping>
    <class name="cn.jsprun.domain.Tradelog" table="jrun_tradelog" >
        <composite-id name="id" class="cn.jsprun.domain.TradelogId">
            <key-property name="tid" type="java.lang.Integer">
                <column name="tid" />
            </key-property>
            <key-property name="pid" type="java.lang.Integer">
                <column name="pid" />
            </key-property>
            <key-property name="orderid" type="java.lang.String">
                <column name="orderid" length="32" />
            </key-property>
            <key-property name="tradeno" type="java.lang.String">
                <column name="tradeno" length="32" />
            </key-property>
            <key-property name="subject" type="java.lang.String">
                <column name="subject" length="100" />
            </key-property>
            <key-property name="price" type="java.lang.Double">
                <column name="price" precision="8" />
            </key-property>
            <key-property name="quality" type="java.lang.Byte">
                <column name="quality" />
            </key-property>
            <key-property name="itemtype" type="java.lang.Byte">
                <column name="itemtype" />
            </key-property>
            <key-property name="number" type="java.lang.Short">
                <column name="number" />
            </key-property>
            <key-property name="tax" type="java.lang.Double">
                <column name="tax" precision="6" />
            </key-property>
            <key-property name="locus" type="java.lang.String">
                <column name="locus" length="100" />
            </key-property>
            <key-property name="sellerid" type="java.lang.Integer">
                <column name="sellerid" />
            </key-property>
            <key-property name="seller" type="java.lang.String">
                <column name="seller" length="15" />
            </key-property>
            <key-property name="selleraccount" type="java.lang.String">
                <column name="selleraccount" length="50" />
            </key-property>
            <key-property name="buyerid" type="java.lang.Integer">
                <column name="buyerid" />
            </key-property>
            <key-property name="buyer" type="java.lang.String">
                <column name="buyer" length="15" />
            </key-property>
            <key-property name="buyercontact" type="java.lang.String">
                <column name="buyercontact" length="50" />
            </key-property>
            <key-property name="buyercredits" type="java.lang.Short">
                <column name="buyercredits" />
            </key-property>
            <key-property name="buyermsg" type="java.lang.String">
                <column name="buyermsg" length="200" />
            </key-property>
            <key-property name="status" type="java.lang.Byte">
                <column name="status" />
            </key-property>
            <key-property name="lastupdate" type="java.lang.Integer">
                <column name="lastupdate" />
            </key-property>
            <key-property name="offline" type="java.lang.Byte">
                <column name="offline" />
            </key-property>
            <key-property name="buyername" type="java.lang.String">
                <column name="buyername" length="50" />
            </key-property>
            <key-property name="buyerzip" type="java.lang.String">
                <column name="buyerzip" length="10" />
            </key-property>
            <key-property name="buyerphone" type="java.lang.String">
                <column name="buyerphone" length="20" />
            </key-property>
            <key-property name="buyermobile" type="java.lang.String">
                <column name="buyermobile" length="20" />
            </key-property>
            <key-property name="transport" type="java.lang.Byte">
                <column name="transport" />
            </key-property>
            <key-property name="transportfee" type="java.lang.Short">
                <column name="transportfee" />
            </key-property>
            <key-property name="baseprice" type="java.lang.Double">
                <column name="baseprice" precision="8" />
            </key-property>
            <key-property name="discount" type="java.lang.Byte">
                <column name="discount" />
            </key-property>
            <key-property name="ratestatus" type="java.lang.Byte">
                <column name="ratestatus" />
            </key-property>
            <key-property name="message" type="java.lang.String">
                <column name="message" length="65535" />
            </key-property>
        </composite-id>
    </class>
</hibernate-mapping>
