<?xml version="1.0" encoding="utf-8"?>
<!DOCTYPE hibernate-mapping PUBLIC "-//Hibernate/Hibernate Mapping DTD 3.0//EN"
"http://hibernate.sourceforge.net/hibernate-mapping-3.0.dtd">
<!-- 
    Mapping file autogenerated by MyEclipse - Hibernate Tools
-->
<hibernate-mapping>
    <class name="cn.jsprun.domain.Tradecomments" table="jrun_tradecomments" >
        <id name="id" type="java.lang.Integer">
            <column name="id" />
            <generator class="native" />
        </id>
        <property name="orderid" type="java.lang.String">
            <column name="orderid" length="32" not-null="true" />
        </property>
        <property name="pid" type="java.lang.Integer">
            <column name="pid" not-null="true" />
        </property>
        <property name="type" type="java.lang.Byte">
            <column name="type" not-null="true" />
        </property>
        <property name="raterid" type="java.lang.Integer">
            <column name="raterid" not-null="true" />
        </property>
        <property name="rater" type="java.lang.String">
            <column name="rater" length="15" not-null="true" />
        </property>
        <property name="rateeid" type="java.lang.Integer">
            <column name="rateeid" not-null="true" />
        </property>
        <property name="ratee" type="java.lang.String">
            <column name="ratee" length="15" not-null="true" />
        </property>
        <property name="message" type="java.lang.String">
            <column name="message" length="200" not-null="true" />
        </property>
        <property name="explanation" type="java.lang.String">
            <column name="explanation" length="200" not-null="true" />
        </property>
        <property name="score" type="java.lang.Byte">
            <column name="score" not-null="true" />
        </property>
        <property name="dateline" type="java.lang.Integer">
            <column name="dateline" not-null="true" />
        </property>
    </class>
</hibernate-mapping>
