<?xml version="1.0" encoding="utf-8"?>
<!DOCTYPE hibernate-mapping PUBLIC "-//Hibernate/Hibernate Mapping DTD 3.0//EN"
"http://hibernate.sourceforge.net/hibernate-mapping-3.0.dtd">
<!-- 
    Mapping file autogenerated by MyEclipse - Hibernate Tools
-->
<hibernate-mapping>
    <class name="cn.jsprun.domain.Trades" table="jrun_trades" >
        <composite-id name="id" class="cn.jsprun.domain.TradesId">
            <key-property name="tid" type="java.lang.Integer">
                <column name="tid" />
            </key-property>
            <key-property name="pid" type="java.lang.Integer">
                <column name="pid" />
            </key-property>
        </composite-id>
        <property name="typeid" type="java.lang.Short">
            <column name="typeid" not-null="true" />
        </property>
        <property name="sellerid" type="java.lang.Integer">
            <column name="sellerid" not-null="true" />
        </property>
        <property name="seller" type="java.lang.String">
            <column name="seller" length="15" not-null="true" />
        </property>
        <property name="account" type="java.lang.String">
            <column name="account" length="50" not-null="true" />
        </property>
        <property name="subject" type="java.lang.String">
            <column name="subject" length="100" not-null="true" />
        </property>
        <property name="price" type="java.lang.Double">
            <column name="price" precision="8" not-null="true" />
        </property>
        <property name="amount" type="java.lang.Short">
            <column name="amount" not-null="true" />
        </property>
        <property name="quality" type="java.lang.Byte">
            <column name="quality" not-null="true" />
        </property>
        <property name="locus" type="java.lang.String">
            <column name="locus" length="20" not-null="true" />
        </property>
        <property name="transport" type="java.lang.Byte">
            <column name="transport" not-null="true" />
        </property>
        <property name="ordinaryfee" type="java.lang.Short">
            <column name="ordinaryfee" not-null="true" />
        </property>
        <property name="expressfee" type="java.lang.Short">
            <column name="expressfee" not-null="true" />
        </property>
        <property name="emsfee" type="java.lang.Short">
            <column name="emsfee" not-null="true" />
        </property>
        <property name="itemtype" type="java.lang.Byte">
            <column name="itemtype" not-null="true" />
        </property>
        <property name="dateline" type="java.lang.Integer">
            <column name="dateline" not-null="true" />
        </property>
        <property name="expiration" type="java.lang.Integer">
            <column name="expiration" not-null="true" />
        </property>
        <property name="lastbuyer" type="java.lang.String">
            <column name="lastbuyer" length="15" not-null="true" />
        </property>
        <property name="lastupdate" type="java.lang.Integer">
            <column name="lastupdate" not-null="true" />
        </property>
        <property name="totalitems" type="java.lang.Short">
            <column name="totalitems" not-null="true" />
        </property>
        <property name="tradesum" type="java.lang.Double">
            <column name="tradesum" precision="8" not-null="true" />
        </property>
        <property name="closed" type="java.lang.Byte">
            <column name="closed" not-null="true" />
        </property>
        <property name="aid" type="java.lang.Integer">
            <column name="aid" not-null="true" />
        </property>
        <property name="displayorder" type="java.lang.Byte">
            <column name="displayorder" not-null="true" />
        </property>
        <property name="costprice" type="java.lang.Double">
            <column name="costprice" precision="8" not-null="true" />
        </property>
    </class>
</hibernate-mapping>
