<?xml version="1.0" encoding="utf-8"?>
<!DOCTYPE hibernate-mapping PUBLIC "-//Hibernate/Hibernate Mapping DTD 3.0//EN"
"http://hibernate.sourceforge.net/hibernate-mapping-3.0.dtd">
<!-- 
    Mapping file autogenerated by MyEclipse - Hibernate Tools
-->
<hibernate-mapping>
    <class name="cn.jsprun.domain.Tradeoptionvars" table="jrun_tradeoptionvars" >
        <composite-id name="id" class="cn.jsprun.domain.TradeoptionvarsId">
            <key-property name="typeid" type="java.lang.Short">
                <column name="typeid" />
            </key-property>
            <key-property name="pid" type="java.lang.Integer">
                <column name="pid" />
            </key-property>
            <key-property name="optionid" type="java.lang.Short">
                <column name="optionid" />
            </key-property>
            <key-property name="value" type="java.lang.String">
                <column name="value" length="16777215" />
            </key-property>
        </composite-id>
    </class>
</hibernate-mapping>
