<?xml version="1.0" encoding="utf-8"?>
<!DOCTYPE hibernate-mapping PUBLIC "-//Hibernate/Hibernate Mapping DTD 3.0//EN"
"http://hibernate.sourceforge.net/hibernate-mapping-3.0.dtd">
<!-- 
    Mapping file autogenerated by MyEclipse - Hibernate Tools
-->
<hibernate-mapping>
    <class name="cn.jsprun.domain.Typeoptions" table="jrun_typeoptions" dynamic-insert="true" dynamic-update="true" select-before-update="true">
        <id name="optionid" type="java.lang.Short">
            <column name="optionid" />
            <generator class="native" />
        </id>
        <property name="classid" type="java.lang.Short">
            <column name="classid" not-null="false" />
        </property>
        <property name="displayorder" type="java.lang.Short">
            <column name="displayorder" not-null="false" />
        </property>
        <property name="title" type="java.lang.String">
            <column name="title" length="100" not-null="false" />
        </property>
        <property name="description" type="java.lang.String">
            <column name="description" not-null="false" />
        </property>
        <property name="identifier" type="java.lang.String">
            <column name="identifier" length="40" not-null="false" />
        </property>
        <property name="type" type="java.lang.String">
            <column name="type" length="20" not-null="false" />
        </property>
        <property name="rules" type="java.lang.String">
            <column name="rules" length="16777215" not-null="false" />
        </property>
    </class>
</hibernate-mapping>
