<?xml version="1.0" encoding="utf-8"?>
<!DOCTYPE hibernate-mapping PUBLIC "-//Hibernate/Hibernate Mapping DTD 3.0//EN"
"http://hibernate.sourceforge.net/hibernate-mapping-3.0.dtd">
<!-- 
    Mapping file autogenerated by MyEclipse - Hibernate Tools
-->
<hibernate-mapping>
    <class name="cn.jsprun.domain.Typemodels" table="jrun_typemodels"  dynamic-insert="true" dynamic-update="true" select-before-update="true">
        <id name="id" type="java.lang.Short">
            <column name="id" />
            <generator class="native" />
        </id>
        <property name="name" type="java.lang.String">
            <column name="name" length="20" not-null="false" />
        </property>
        <property name="displayorder" type="java.lang.Short">
            <column name="displayorder" not-null="false" />
        </property>
        <property name="type" type="java.lang.Byte">
            <column name="type" not-null="false" />
        </property>
        <property name="options" type="java.lang.String">
            <column name="options" length="16777215" not-null="false" />
        </property>
        <property name="customoptions" type="java.lang.String">
            <column name="customoptions" length="16777215" not-null="false" />
        </property>
    </class>
</hibernate-mapping>
