<?xml version="1.0" encoding="utf-8"?>
<!DOCTYPE hibernate-mapping PUBLIC "-//Hibernate/Hibernate Mapping DTD 3.0//EN"
"http://hibernate.sourceforge.net/hibernate-mapping-3.0.dtd">
<!-- 
    Mapping file autogenerated by MyEclipse - Hibernate Tools
-->
<hibernate-mapping>
    <class name="cn.jsprun.domain.Typevars" table="jrun_typevars"  dynamic-insert="true" dynamic-update="true" select-before-update="true">
        <composite-id name="id" class="cn.jsprun.domain.TypevarsId">
            <key-property name="typeid" type="java.lang.Short">
                <column name="typeid" />
            </key-property>
            <key-property name="optionid" type="java.lang.Short">
                <column name="optionid" />
            </key-property>
            <key-property name="available" type="java.lang.Byte">
                <column name="available" />
            </key-property>
            <key-property name="required" type="java.lang.Byte">
                <column name="required" />
            </key-property>
            <key-property name="unchangeable" type="java.lang.Byte">
                <column name="unchangeable" />
            </key-property>
            <key-property name="search" type="java.lang.Byte">
                <column name="search" />
            </key-property>
            <key-property name="displayorder" type="java.lang.Short">
                <column name="displayorder" />
            </key-property>
        </composite-id>
    </class>
</hibernate-mapping>
