<?xml version="1.0" encoding="utf-8"?>
<!DOCTYPE hibernate-mapping PUBLIC "-//Hibernate/Hibernate Mapping DTD 3.0//EN"
"http://hibernate.sourceforge.net/hibernate-mapping-3.0.dtd">
<!-- 
    Mapping file autogenerated by MyEclipse - Hibernate Tools
-->
<hibernate-mapping>
    <class name="cn.jsprun.domain.Usergroups" table="jrun_usergroups" dynamic-insert="true">
        <id name="groupid" type="java.lang.Short">
            <column name="groupid" />
            <generator class="native" />
        </id>
        <property name="radminid" type="java.lang.Short">
            <column name="radminid" not-null="false" />
        </property>
        <property name="type" type="java.lang.String">
            <column name="type" length="7" not-null="false" />
        </property>
        <property name="system" type="java.lang.String">
            <column name="system" length="8" not-null="false" />
        </property>
        <property name="grouptitle" type="java.lang.String">
            <column name="grouptitle" length="30" not-null="false" />
        </property>
        <property name="creditshigher" type="java.lang.Integer">
            <column name="creditshigher" not-null="false" />
        </property>
        <property name="creditslower" type="java.lang.Integer">
            <column name="creditslower" not-null="false" />
        </property>
        <property name="stars" type="java.lang.Short">
            <column name="stars" not-null="false" />
        </property>
        <property name="color" type="java.lang.String">
            <column name="color" length="7" not-null="false" />
        </property>
        <property name="groupavatar" type="java.lang.String">
            <column name="groupavatar" length="60" not-null="false" />
        </property>
        <property name="readaccess" type="java.lang.Short">
            <column name="readaccess" not-null="false" />
        </property>
        <property name="allowvisit" type="java.lang.Byte">
            <column name="allowvisit" not-null="false" />
        </property>
        <property name="allowpost" type="java.lang.Byte">
            <column name="allowpost" not-null="false" />
        </property>
        <property name="allowreply" type="java.lang.Byte">
            <column name="allowreply" not-null="false" />
        </property>
        <property name="allowpostpoll" type="java.lang.Byte">
            <column name="allowpostpoll" not-null="false" />
        </property>
        <property name="allowpostreward" type="java.lang.Byte">
            <column name="allowpostreward" not-null="false" />
        </property>
        <property name="allowposttrade" type="java.lang.Byte">
            <column name="allowposttrade" not-null="false" />
        </property>
        <property name="allowpostactivity" type="java.lang.Byte">
            <column name="allowpostactivity" not-null="false" />
        </property>
        <property name="allowpostvideo" type="java.lang.Byte">
            <column name="allowpostvideo" not-null="false" />
        </property>
        <property name="allowdirectpost" type="java.lang.Byte">
            <column name="allowdirectpost" not-null="false" />
        </property>
        <property name="allowgetattach" type="java.lang.Byte">
            <column name="allowgetattach" not-null="false" />
        </property>
        <property name="allowpostattach" type="java.lang.Byte">
            <column name="allowpostattach" not-null="false" />
        </property>
        <property name="allowvote" type="java.lang.Byte">
            <column name="allowvote" not-null="false" />
        </property>
        <property name="allowmultigroups" type="java.lang.Byte">
            <column name="allowmultigroups" not-null="false" />
        </property>
        <property name="allowsearch" type="java.lang.Byte">
            <column name="allowsearch" not-null="false" />
        </property>
        <property name="allowavatar" type="java.lang.Byte">
            <column name="allowavatar" not-null="false" />
        </property>
        <property name="allowcstatus" type="java.lang.Byte">
            <column name="allowcstatus" not-null="false" />
        </property>
        <property name="allowuseblog" type="java.lang.Byte">
            <column name="allowuseblog" not-null="false" />
        </property>
        <property name="allowinvisible" type="java.lang.Byte">
            <column name="allowinvisible" not-null="false" />
        </property>
        <property name="allowtransfer" type="java.lang.Byte">
            <column name="allowtransfer" not-null="false" />
        </property>
        <property name="allowsetreadperm" type="java.lang.Byte">
            <column name="allowsetreadperm" not-null="false" />
        </property>
        <property name="allowsetattachperm" type="java.lang.Byte">
            <column name="allowsetattachperm" not-null="false" />
        </property>
        <property name="allowhidecode" type="java.lang.Byte">
            <column name="allowhidecode" not-null="false" />
        </property>
        <property name="allowhtml" type="java.lang.Byte">
            <column name="allowhtml" not-null="false" />
        </property>
        <property name="allowcusbbcode" type="java.lang.Byte">
            <column name="allowcusbbcode" not-null="false" />
        </property>
        <property name="allowanonymous" type="java.lang.Byte">
            <column name="allowanonymous" not-null="false" />
        </property>
        <property name="allownickname" type="java.lang.Byte">
            <column name="allownickname" not-null="false" />
        </property>
        <property name="allowsigbbcode" type="java.lang.Byte">
            <column name="allowsigbbcode" not-null="false" />
        </property>
        <property name="allowsigimgcode" type="java.lang.Byte">
            <column name="allowsigimgcode" not-null="false" />
        </property>
        <property name="allowviewpro" type="java.lang.Byte">
            <column name="allowviewpro" not-null="false" />
        </property>
        <property name="allowviewstats" type="java.lang.Byte">
            <column name="allowviewstats" not-null="false" />
        </property>
        <property name="disableperiodctrl" type="java.lang.Byte">
            <column name="disableperiodctrl" not-null="false" />
        </property>
        <property name="reasonpm" type="java.lang.Byte">
            <column name="reasonpm" not-null="false" />
        </property>
        <property name="maxprice" type="java.lang.Short">
            <column name="maxprice" not-null="false" />
        </property>
        <property name="maxpmnum" type="java.lang.Short">
            <column name="maxpmnum" not-null="false" />
        </property>
        <property name="maxsigsize" type="java.lang.Short">
            <column name="maxsigsize" not-null="false" />
        </property>
        <property name="maxattachsize" type="java.lang.Integer">
            <column name="maxattachsize" not-null="false" />
        </property>
        <property name="maxsizeperday" type="java.lang.Integer">
            <column name="maxsizeperday" not-null="false" />
        </property>
        <property name="maxpostsperhour" type="java.lang.Short">
            <column name="maxpostsperhour" not-null="false" />
        </property>
        <property name="attachextensions" type="java.lang.String">
            <column name="attachextensions" length="100" not-null="false" />
        </property>
        <property name="raterange" type="java.lang.String">
            <column name="raterange" length="150" not-null="false" />
        </property>
        <property name="mintradeprice" type="java.lang.Short">
            <column name="mintradeprice" not-null="false" />
        </property>
        <property name="maxtradeprice" type="java.lang.Short">
            <column name="maxtradeprice" not-null="false" />
        </property>
        <property name="minrewardprice" type="java.lang.Short">
            <column name="minrewardprice" not-null="false" />
        </property>
        <property name="maxrewardprice" type="java.lang.Short">
            <column name="maxrewardprice" not-null="false" />
        </property>
        <property name="magicsdiscount" type="java.lang.Byte">
            <column name="magicsdiscount" not-null="false" />
        </property>
        <property name="allowmagics" type="java.lang.Byte">
            <column name="allowmagics" not-null="false" />
        </property>
        <property name="maxmagicsweight" type="java.lang.Short">
            <column name="maxmagicsweight" not-null="false" />
        </property>
        <property name="allowbiobbcode" type="java.lang.Byte">
            <column name="allowbiobbcode" not-null="false" />
        </property>
        <property name="allowbioimgcode" type="java.lang.Byte">
            <column name="allowbioimgcode" not-null="false" />
        </property>
        <property name="maxbiosize" type="java.lang.Short">
            <column name="maxbiosize" not-null="false" />
        </property>
        <property name="allowinvite" type="java.lang.Byte">
            <column name="allowinvite" not-null="false" />
        </property>
        <property name="allowmailinvite" type="java.lang.Byte">
            <column name="allowmailinvite" not-null="false" />
        </property>
        <property name="maxinvitenum" type="java.lang.Short">
            <column name="maxinvitenum" not-null="false" />
        </property>
        <property name="inviteprice" type="java.lang.Short">
            <column name="inviteprice" not-null="false" />
        </property>
        <property name="maxinviteday" type="java.lang.Short">
            <column name="maxinviteday" not-null="false" />
        </property>
        <property name="allowpostdebate" type="java.lang.Byte">
            <column name="allowpostdebate" not-null="false" />
        </property>
        <property name="tradestick" type="java.lang.Byte">
            <column name="tradestick" not-null="false" />
        </property>
        <property name="allowviewdigest" type="java.lang.Byte">
            <column name="allowviewdigest" not-null="false" />
        </property>
    </class>
</hibernate-mapping>
