<?xml version="1.0" encoding="utf-8"?>
<!DOCTYPE hibernate-mapping PUBLIC "-//Hibernate/Hibernate Mapping DTD 3.0//EN"
"http://hibernate.sourceforge.net/hibernate-mapping-3.0.dtd">
<!-- 
    Mapping file autogenerated by MyEclipse - Hibernate Tools
-->
<hibernate-mapping>
    <class name="cn.jsprun.domain.Validating" table="jrun_validating" >
        <id name="uid" type="java.lang.Integer">
            <column name="uid" />
            <generator class="assigned" />
        </id>
        <property name="submitdate" type="java.lang.Integer">
            <column name="submitdate" not-null="true" />
        </property>
        <property name="moddate" type="java.lang.Integer">
            <column name="moddate" not-null="true" />
        </property>
        <property name="admin" type="java.lang.String">
            <column name="admin" length="15" not-null="true" />
        </property>
        <property name="submittimes" type="java.lang.Short">
            <column name="submittimes" not-null="true" />
        </property>
        <property name="status" type="java.lang.Byte">
            <column name="status" not-null="true" />
        </property>
        <property name="message" type="java.lang.String">
            <column name="message" length="65535" not-null="true" />
        </property>
        <property name="remark" type="java.lang.String">
            <column name="remark" length="65535" not-null="true" />
        </property>
    </class>
</hibernate-mapping>
