<?xml version="1.0" encoding="utf-8"?>
<!DOCTYPE hibernate-mapping PUBLIC "-//Hibernate/Hibernate Mapping DTD 3.0//EN"
"http://hibernate.sourceforge.net/hibernate-mapping-3.0.dtd">
<!-- 
    Mapping file autogenerated by MyEclipse - Hibernate Tools
-->
<hibernate-mapping>
    <class name="cn.jsprun.domain.Videotags" table="jrun_videotags" >
        <composite-id name="id" class="cn.jsprun.domain.VideotagsId">
            <key-property name="tagname" type="java.lang.String">
                <column name="tagname" length="10" />
            </key-property>
            <key-property name="vid" type="java.lang.String">
                <column name="vid" length="14" />
            </key-property>
            <key-property name="tid" type="java.lang.Integer">
                <column name="tid" />
            </key-property>
        </composite-id>
    </class>
</hibernate-mapping>
