<?xml version="1.0" encoding="utf-8"?>
<!DOCTYPE hibernate-mapping PUBLIC "-//Hibernate/Hibernate Mapping DTD 3.0//EN"
"http://hibernate.sourceforge.net/hibernate-mapping-3.0.dtd">
<!-- 
    Mapping file autogenerated by MyEclipse - Hibernate Tools
-->
<hibernate-mapping>
    <class name="cn.jsprun.domain.Videos" table="jrun_videos" >
        <id name="vid" type="java.lang.String">
            <column name="vid" length="16" />
            <generator class="assigned" />
        </id>
        <property name="uid" type="java.lang.Integer">
            <column name="uid" not-null="true" />
        </property>
        <property name="dateline" type="java.lang.Integer">
            <column name="dateline" not-null="true" />
        </property>
        <property name="tid" type="java.lang.Integer">
            <column name="tid" not-null="true" />
        </property>
        <property name="pid" type="java.lang.Integer">
            <column name="pid" not-null="true" />
        </property>
        <property name="vtype" type="java.lang.Byte">
            <column name="vtype" not-null="true" />
        </property>
        <property name="vview" type="java.lang.Integer">
            <column name="vview" not-null="true" />
        </property>
        <property name="vtime" type="java.lang.Short">
            <column name="vtime" not-null="true" />
        </property>
        <property name="visup" type="java.lang.Byte">
            <column name="visup" not-null="true" />
        </property>
        <property name="vthumb" type="java.lang.String">
            <column name="vthumb" length="128" not-null="true" />
        </property>
        <property name="vtitle" type="java.lang.String">
            <column name="vtitle" length="64" not-null="true" />
        </property>
        <property name="vclass" type="java.lang.String">
            <column name="vclass" length="32" not-null="true" />
        </property>
        <property name="vautoplay" type="java.lang.Byte">
            <column name="vautoplay" not-null="true" />
        </property>
    </class>
</hibernate-mapping>
