<?xml version="1.0" encoding="utf-8"?>
<!DOCTYPE hibernate-mapping PUBLIC "-//Hibernate/Hibernate Mapping DTD 3.0//EN"
"http://hibernate.sourceforge.net/hibernate-mapping-3.0.dtd">
<!-- 
    Mapping file autogenerated by MyEclipse - Hibernate Tools
-->
<hibernate-mapping>
    <class name="cn.jsprun.domain.Words" table="jrun_words" >
        <id name="id" type="java.lang.Short">
            <column name="id" />
            <generator class="native" />
        </id>
        <property name="admin" type="java.lang.String">
            <column name="admin" length="15" not-null="true" />
        </property>
        <property name="find" type="java.lang.String">
            <column name="find" not-null="true" />
        </property>
        <property name="replacement" type="java.lang.String">
            <column name="replacement" not-null="true" />
        </property>
    </class>
</hibernate-mapping>
